Date,Open,High,Low,Close,Volume,Adj Close
2007-12-10,202.00,212.00,193.00,197.00,5288356,197.00
2007-12-11,198.00,199.00,189.50,192.50,4170487,192.50
2007-12-12,189.50,194.00,189.50,190.50,2170098,190.50
2007-12-13,191.00,191.50,180.00,181.50,2010023,181.50
2007-12-14,181.50,184.00,170.00,175.00,1338813,175.00
2007-12-17,174.00,177.50,165.00,165.00,590697,165.00
2007-12-18,161.50,165.00,153.50,157.50,752948,157.50
2007-12-19,160.50,168.50,160.50,168.50,370670,168.50
2007-12-20,179.00,180.00,175.00,178.50,1589710,178.50
2007-12-21,178.00,180.00,172.00,175.00,686621,175.00
2007-12-24,181.00,187.00,177.00,187.00,1359346,187.00
2007-12-25,188.00,193.00,184.50,188.00,1153742,188.00
2007-12-26,186.00,190.00,183.00,188.50,599130,188.50
2007-12-27,189.00,192.50,185.00,186.50,943718,186.50
2007-12-28,186.00,187.50,182.00,184.50,786895,184.50
2007-12-31,185.00,185.50,184.00,184.00,407900,184.00
2008-01-02,180.00,186.00,178.50,178.50,580738,178.50
2008-01-03,174.00,179.00,173.50,177.50,408756,177.50
2008-01-04,177.00,187.50,177.00,183.00,613540,183.00
2008-01-07,180.00,180.00,170.50,172.00,700270,172.00
2008-01-08,172.00,174.00,170.50,172.00,356500,172.00
2008-01-09,167.00,173.00,165.50,170.00,376075,170.00
2008-01-10,171.00,175.00,171.00,171.00,334312,171.00
2008-01-11,173.00,174.00,171.00,171.50,302200,171.50
2008-01-14,172.00,173.00,163.50,167.00,482294,167.00
2008-01-15,169.00,173.00,168.00,169.00,448375,169.00
2008-01-16,165.00,166.00,162.00,163.00,330776,163.00
2008-01-17,160.00,167.00,153.00,157.00,599188,157.00
2008-01-18,155.00,155.00,147.00,154.00,681143,154.00
2008-01-21,156.00,164.50,156.00,164.50,623654,164.50
2008-01-22,153.00,162.00,153.00,156.50,620986,156.50
2008-01-23,158.00,159.00,150.00,152.00,508872,152.00
2008-01-24,154.50,155.00,148.00,149.00,336603,149.00
2008-01-25,153.00,159.00,150.00,159.00,530498,159.00
2008-01-28,156.00,157.00,150.00,150.00,437303,150.00
2008-01-29,152.50,153.50,150.00,151.00,154496,151.00
2008-01-30,152.00,156.00,150.00,151.00,261097,151.00
2008-01-31,150.00,150.00,141.50,143.00,392293,143.00
2008-02-01,144.00,146.50,143.00,144.50,150200,144.50
2008-02-12,140.50,142.00,135.00,136.00,196399,136.00
2008-02-13,134.00,136.00,126.50,126.50,401868,126.50
2008-02-14,129.00,134.00,127.00,132.00,277574,132.00
2008-02-15,130.50,139.50,127.00,139.00,373964,139.00
2008-02-18,140.00,144.00,138.00,142.00,375030,142.00
2008-02-19,143.00,144.50,138.00,140.50,319574,140.50
2008-02-20,142.00,144.50,140.50,141.00,315153,141.00
2008-02-21,142.50,146.00,142.50,144.00,248640,144.00
2008-02-22,141.00,142.50,137.50,142.50,203389,142.50
2008-02-25,143.00,146.00,143.00,145.00,280155,145.00
2008-02-26,145.00,147.00,144.00,146.50,197794,146.50
2008-02-27,148.00,150.50,146.00,150.00,334806,150.00
2008-02-29,148.00,156.00,148.00,154.50,355472,154.50
2008-03-03,150.50,151.00,148.00,149.00,187558,149.00
2008-03-04,149.50,153.00,149.00,152.00,246449,152.00
2008-03-05,151.00,152.50,148.50,150.00,193015,150.00
2008-03-06,150.00,153.00,150.00,153.00,285398,153.00
2008-03-07,152.00,156.00,151.00,153.00,399041,153.00
2008-03-10,151.50,156.50,151.50,151.50,230055,151.50
2008-03-11,151.50,153.50,151.00,152.00,113218,152.00
2008-03-12,155.00,156.00,151.50,151.50,260451,151.50
2008-03-13,152.00,152.00,146.50,147.00,181560,147.00
2008-03-14,148.00,149.50,141.00,142.50,204547,142.50
2008-03-17,141.00,141.00,133.00,135.00,396410,135.00
2008-03-18,130.50,138.00,130.50,137.00,106310,137.00
2008-03-19,138.00,142.00,138.00,139.00,119410,139.00
2008-03-20,139.00,143.00,137.00,139.00,202048,139.00
2008-03-21,140.00,144.50,140.00,144.50,263301,144.50
2008-03-24,151.00,151.50,148.00,151.00,313387,151.00
2008-03-25,151.50,152.00,149.00,150.00,197630,150.00
2008-03-26,152.00,152.00,150.50,151.00,189710,151.00
2008-03-27,151.00,151.00,147.50,147.50,106041,147.50
2008-03-28,146.50,151.00,146.50,150.50,188374,150.50
2008-03-31,147.00,150.50,147.00,149.00,150331,149.00
2008-04-01,149.00,150.00,146.00,147.00,130341,147.00
2008-04-02,148.00,149.50,147.00,149.50,167164,149.50
2008-04-03,149.50,150.50,147.50,150.50,177875,150.50
2008-04-07,151.00,156.00,150.50,156.00,404401,156.00
2008-04-08,156.00,156.00,153.00,154.00,301269,154.00
2008-04-09,153.00,155.50,152.00,153.50,172404,153.50
2008-04-10,153.50,157.00,153.50,156.50,401893,156.50
2008-04-11,156.50,157.50,154.00,155.50,287956,155.50
2008-04-14,145.00,148.00,145.00,145.50,965204,145.50
2008-04-15,145.50,148.50,145.50,147.50,300413,147.50
2008-04-16,148.00,150.00,147.00,149.00,284446,149.00
2008-04-17,153.50,154.00,150.50,151.00,513400,151.00
2008-04-18,151.00,152.50,150.00,152.00,172645,152.00
2008-04-21,152.00,154.00,151.00,153.50,339674,153.50
2008-04-22,151.00,154.00,151.00,152.00,156478,152.00
2008-04-23,150.00,155.00,150.00,154.00,506444,154.00
2008-04-24,154.00,156.00,153.00,154.50,215667,154.50
2008-04-25,154.50,155.00,152.00,153.00,213332,153.00
2008-04-28,152.00,162.00,152.00,161.00,942431,161.00
2008-04-29,162.00,162.00,157.00,160.00,511247,160.00
2008-04-30,160.00,160.00,155.00,155.50,349245,155.50
2008-05-02,156.00,156.00,148.00,150.50,484407,150.50
2008-05-05,149.50,157.00,149.50,154.00,393220,154.00
2008-05-06,154.00,155.50,150.50,153.50,331001,153.50
2008-05-07,154.00,156.50,153.00,154.50,394969,154.50
2008-05-08,151.00,153.00,151.00,151.50,261019,151.50
2008-05-09,154.00,154.00,150.50,150.50,202352,150.50
2008-05-12,150.50,151.00,147.00,148.00,152806,148.00
2008-05-13,148.00,148.00,146.00,147.00,219781,147.00
2008-05-14,150.00,150.00,148.00,149.00,134866,149.00
2008-05-15,151.00,151.00,149.00,150.50,181422,150.50
2008-05-16,152.00,152.00,150.00,151.50,248114,151.50
2008-05-19,153.00,153.00,150.00,153.00,258303,153.00
2008-05-20,153.00,154.50,150.50,150.50,215000,150.50
2008-05-21,150.50,150.50,149.00,149.00,138120,149.00
2008-05-22,145.00,148.00,145.00,148.00,344199,148.00
2008-05-23,147.00,148.00,144.00,144.00,202262,144.00
2008-05-26,142.00,145.00,141.00,142.00,170930,142.00
2008-05-27,142.50,142.50,140.50,142.00,120414,142.00
2008-05-28,142.00,142.50,135.00,139.50,317200,139.50
2008-05-29,141.00,143.00,139.00,140.00,160369,140.00
2008-05-30,140.00,142.00,135.00,136.00,186241,136.00
2008-06-02,135.00,139.00,135.00,139.00,66041,139.00
2008-06-03,137.00,138.50,135.50,136.00,124662,136.00
2008-06-04,136.00,137.00,135.00,137.00,66080,137.00
2008-06-05,137.00,137.00,132.00,137.00,258439,137.00
2008-06-06,137.00,139.00,136.50,139.00,128279,139.00
2008-06-09,136.00,136.00,134.00,135.50,86174,135.50
2008-06-10,135.50,135.50,129.50,129.50,335200,129.50
2008-06-11,130.00,131.00,129.00,129.00,178076,129.00
2008-06-12,127.00,128.00,124.00,124.00,223611,124.00
2008-06-13,125.50,125.50,116.00,120.00,380437,120.00
2008-06-16,120.50,120.50,116.00,116.00,366731,116.00
2008-06-17,117.00,117.00,113.50,114.50,278164,114.50
2008-06-18,114.50,115.00,113.50,113.50,246096,113.50
2008-06-19,113.00,113.00,106.50,108.00,596665,108.00
2008-06-20,108.00,109.50,104.00,105.50,579450,105.50
2008-06-23,104.00,112.50,103.00,112.50,696977,112.50
2008-06-24,114.00,120.00,111.50,117.00,996061,117.00
2008-06-25,117.00,120.00,112.50,120.00,590352,120.00
2008-06-26,124.00,124.00,120.00,120.00,529500,120.00
2008-06-27,115.00,118.00,114.00,115.00,348231,115.00
2008-06-30,116.50,117.00,107.50,110.50,346164,110.50
2008-07-01,108.00,115.00,107.50,114.00,389193,114.00
2008-07-02,115.00,121.00,113.00,121.00,357213,121.00
2008-07-03,119.00,123.00,116.00,121.00,370383,121.00
2008-07-04,122.50,125.50,116.00,117.50,591050,117.50
2008-07-07,116.00,116.00,113.00,114.00,174493,114.00
2008-07-08,114.00,114.00,106.50,106.50,563450,106.50
2008-07-09,105.50,110.00,105.00,105.00,283201,105.00
2008-07-10,103.50,110.00,103.50,109.00,227300,109.00
2008-07-11,110.00,110.00,105.00,109.00,260100,109.00
2008-07-14,109.00,112.00,107.50,110.00,207159,110.00
2008-07-15,109.00,109.50,105.00,105.00,241130,105.00
2008-07-16,104.50,106.50,100.00,100.00,399653,100.00
2008-07-17,101.00,103.00,96.00,97.50,589456,97.50
2008-07-18,98.00,98.00,91.00,91.50,464911,91.50
2008-07-21,93.00,95.50,91.80,95.00,395010,95.00
2008-07-22,95.00,96.30,93.40,94.80,400314,94.80
2008-07-23,96.00,99.90,95.10,99.70,685315,99.70
2008-07-24,87.00,91.80,87.00,91.80,652000,91.80
2008-07-25,89.80,90.50,88.60,89.90,287200,89.90
2008-07-29,87.50,89.80,87.20,89.80,181105,89.80
2008-07-30,90.10,91.30,89.00,89.30,171123,89.30
2008-07-31,90.90,90.90,87.50,89.00,164206,89.00
2008-08-01,87.70,88.40,86.90,87.00,97125,87.00
2008-08-04,85.20,87.00,85.10,85.30,134230,85.30
2008-08-05,85.30,86.50,83.00,83.50,152041,83.50
2008-08-06,84.10,87.80,84.10,87.00,196082,87.00
2008-08-07,87.70,88.70,86.60,88.20,140750,88.20
2008-08-08,88.50,93.40,88.40,92.40,388779,92.40
2008-08-11,93.00,93.00,90.00,92.00,266400,92.00
2008-08-12,91.80,93.00,90.40,92.10,146139,92.10
2008-08-13,92.00,93.50,91.30,93.50,168412,93.50
2008-08-14,93.50,97.00,93.30,96.50,277200,96.50
2008-08-15,97.00,97.00,93.00,93.00,183000,93.00
2008-08-18,95.50,98.20,93.70,95.00,463000,95.00
2008-08-19,94.00,94.00,90.10,91.50,525000,91.50
2008-08-20,90.90,91.40,88.70,91.20,196100,91.20
2008-08-21,90.10,90.30,89.00,89.30,288150,89.30
2008-08-22,89.00,89.00,86.60,88.20,291275,88.20
2008-08-25,88.20,88.60,85.30,86.40,177000,86.40
2008-08-26,85.10,87.00,85.00,87.00,52405,87.00
2008-08-27,86.00,89.80,85.40,88.70,323565,88.70
2008-08-28,88.70,89.40,87.70,89.00,152300,89.00
2008-08-29,89.00,89.70,87.70,87.70,153382,87.70
2008-09-01,87.80,87.80,84.00,84.00,183361,84.00
2008-09-02,84.00,84.00,80.10,80.20,262150,80.20
2008-09-03,80.20,81.00,77.10,79.20,199290,79.20
2008-09-04,78.50,79.00,75.10,75.20,248637,75.20
2008-09-05,73.10,74.60,70.70,71.20,360765,71.20
2008-09-08,68.20,73.40,68.20,71.90,513212,71.90
2008-09-09,71.60,71.60,66.90,67.00,409291,67.00
2008-09-10,65.10,67.60,65.10,65.30,350862,65.30
2008-09-11,65.30,65.30,60.80,60.80,660985,60.80
2008-09-12,60.80,62.00,57.60,59.10,395744,59.10
2008-09-15,58.60,58.60,55.00,55.00,504126,55.00
2008-09-16,51.20,53.00,51.20,51.20,411139,51.20
2008-09-17,51.50,53.00,47.65,47.65,805605,47.65
2008-09-18,44.35,46.20,44.35,46.00,676019,46.00
2008-09-19,49.00,49.20,48.00,49.20,335179,49.20
2008-09-22,52.40,52.60,51.40,52.60,469448,52.60
2008-09-23,52.60,56.20,52.30,56.20,785514,56.20
2008-09-24,56.30,57.70,54.50,55.50,906612,55.50
2008-09-25,54.50,57.00,53.50,55.00,495322,55.00
2008-09-26,56.00,56.00,51.20,51.70,585580,51.70
2008-09-30,48.10,51.50,48.10,51.50,561275,51.50
2008-10-01,55.00,55.10,52.50,55.10,678407,55.10
2008-10-02,58.00,58.90,56.20,58.90,873149,58.90
2008-10-03,57.60,61.90,55.50,61.50,897592,61.50
2008-10-06,60.00,65.40,59.00,62.50,1143619,62.50
2008-10-07,60.00,62.50,60.00,60.80,587321,60.80
2008-10-08,57.50,60.00,56.60,56.60,491391,56.60
2008-10-09,54.70,55.00,52.70,52.70,840405,52.70
2008-10-13,50.90,50.90,50.90,50.90,55665,50.90
2008-10-14,54.40,54.40,52.40,54.40,538375,54.40
2008-10-15,54.10,54.10,52.50,53.00,392017,53.00
2008-10-16,51.20,51.20,51.20,51.20,53808,51.20
2008-10-17,50.20,54.30,49.50,50.50,362975,50.50
2008-10-20,49.55,50.70,48.75,50.70,499615,50.70
2008-10-21,53.10,53.40,51.10,51.40,487872,51.40
2008-10-22,50.00,51.40,50.00,50.30,235724,50.30
2008-10-23,48.55,49.20,48.55,48.75,253320,48.75
2008-10-24,47.75,48.00,47.05,47.05,177005,47.05
2008-10-27,43.80,45.55,43.80,44.10,273293,44.10
2008-10-28,43.90,47.00,41.50,46.50,254470,46.50
2008-10-29,49.75,49.75,45.15,45.30,346580,45.30
2008-10-30,45.00,48.40,45.00,47.80,368415,47.80
2008-10-31,47.50,47.70,46.00,46.60,442144,46.60
2008-11-03,46.70,49.50,46.15,48.60,420635,48.60
2008-11-04,48.60,49.00,47.00,48.50,359261,48.50
2008-11-05,49.80,51.00,49.00,49.60,536146,49.60
2008-11-06,47.60,47.60,46.15,46.15,390103,46.15
2008-11-07,43.00,46.10,43.00,45.50,276768,45.50
2008-11-10,46.00,46.00,43.00,44.10,306004,44.10
2008-11-11,42.10,43.60,42.10,42.70,201918,42.70
2008-11-12,45.65,45.65,45.65,45.65,525390,45.65
2008-11-13,48.80,48.80,47.85,48.80,1662117,48.80
2008-11-14,51.00,51.00,48.80,49.80,1643894,49.80
2008-11-17,49.50,53.10,49.00,52.20,850246,52.20
2008-11-18,51.50,51.50,48.55,49.00,907030,49.00
2008-11-19,49.80,52.40,48.00,52.40,1347125,52.40
2008-11-20,51.60,56.00,51.00,53.20,1198825,53.20
2008-11-21,49.60,52.80,49.60,52.50,1342877,52.50
2008-11-24,52.40,55.30,49.90,55.00,1267580,55.00
2008-11-25,56.00,58.80,56.00,58.80,3359836,58.80
2008-11-26,61.90,62.90,61.90,62.90,746952,62.90
2008-11-27,67.30,67.30,67.30,67.30,513687,67.30
2008-11-28,72.00,72.00,71.10,72.00,826818,72.00
2008-12-01,77.00,77.00,77.00,77.00,418187,77.00
2008-12-02,76.00,82.30,75.00,81.50,2629804,81.50
2008-12-03,83.50,83.50,75.80,75.80,1412793,75.80
2008-12-04,72.00,75.00,70.50,70.50,835526,70.50
2008-12-05,68.00,73.30,67.20,69.90,1399636,69.90
2008-12-08,67.30,74.70,67.30,73.70,1405467,73.70
2008-12-09,73.70,75.00,70.30,70.70,883430,70.70
2008-12-10,71.60,73.90,69.60,73.00,876530,73.00
2008-12-11,71.00,74.70,71.00,71.70,927791,71.70
2008-12-12,71.00,73.00,67.50,68.50,947159,68.50
2008-12-15,69.50,73.10,69.50,72.00,758026,72.00
2008-12-16,71.80,77.00,71.10,77.00,1109342,77.00
2008-12-17,82.10,82.10,73.60,76.70,1752303,76.70
2008-12-18,76.70,77.10,73.20,75.00,594081,75.00
2008-12-19,73.70,76.90,73.30,76.40,790996,76.40
2008-12-22,78.40,78.40,71.50,71.50,792321,71.50
2008-12-23,71.10,71.10,66.50,66.50,1017785,66.50
2008-12-24,64.10,66.40,63.20,63.40,705580,63.40
2008-12-25,63.20,66.10,62.50,65.00,531855,65.00
2008-12-26,63.00,65.50,63.00,63.60,270635,63.60
2008-12-29,65.00,65.40,63.30,64.10,312780,64.10
2008-12-30,65.00,67.00,64.60,66.60,460345,66.60
2008-12-31,66.70,67.00,64.50,65.00,550821,65.00
2009-01-05,67.20,69.40,66.00,68.30,596440,68.30
2009-01-06,67.80,69.00,67.00,67.20,377519,67.20
2009-01-07,69.00,71.90,67.80,71.90,962178,71.90
2009-01-08,71.00,71.00,66.90,66.90,957170,66.90
2009-01-09,67.00,67.30,65.20,66.00,285900,66.00
2009-01-10,64.00,65.00,63.10,63.40,404776,63.40
2009-01-12,63.40,64.80,63.00,64.00,350655,64.00
2009-01-13,64.00,64.70,62.50,64.70,256755,64.70
2009-01-14,64.70,65.40,64.30,64.30,264215,64.30
2009-01-15,61.20,61.30,60.00,60.00,555835,60.00
2009-01-16,60.10,61.40,58.10,60.20,348855,60.20
2009-01-17,60.40,60.40,58.70,59.40,120046,59.40
2009-01-19,58.60,60.30,58.60,59.40,122055,59.40
2009-01-20,59.70,59.70,56.10,56.10,422505,56.10
2009-01-21,55.00,56.10,53.20,56.00,383911,56.00
2009-02-02,56.60,59.90,54.60,59.90,479652,59.90
2009-02-03,60.90,63.50,60.90,62.90,538861,62.90
2009-02-04,64.00,64.00,60.30,61.00,324126,61.00
2009-02-05,60.00,61.50,59.60,60.10,214706,60.10
2009-02-06,62.40,63.00,61.00,61.80,374060,61.80
2009-02-09,60.50,63.50,60.50,62.20,411305,62.20
2009-02-10,62.40,62.40,60.60,60.60,219645,60.60
2009-02-11,56.40,59.50,56.40,59.10,416461,59.10
2009-02-12,59.00,62.50,58.10,59.00,442093,59.00
2009-02-13,60.00,61.90,59.50,61.80,280505,61.80
2009-02-16,61.50,62.90,61.20,61.50,253004,61.50
2009-02-17,61.50,61.50,59.20,59.50,218675,59.50
2009-02-18,59.00,62.00,58.00,61.50,400333,61.50
2009-02-19,61.00,61.90,59.50,60.80,317149,60.80
2009-02-20,60.80,61.00,58.80,58.80,395145,58.80
2009-02-23,58.20,59.50,57.80,58.70,252340,58.70
2009-02-24,58.70,58.70,57.70,57.80,209588,57.80
2009-02-25,59.50,60.20,58.00,58.40,387988,58.40
2009-02-26,59.40,59.40,58.40,59.40,176486,59.40
2009-02-27,60.00,60.80,59.20,60.60,266022,60.60
2009-03-02,59.50,59.50,58.00,58.10,410665,58.10
2009-03-03,57.00,59.30,55.60,58.70,260012,58.70
2009-03-04,60.00,62.80,60.00,62.80,898898,62.80
2009-03-05,67.10,67.10,64.40,66.90,1480817,66.90
2009-03-06,65.90,69.20,65.10,66.70,1110377,66.70
2009-03-09,66.70,66.90,63.80,66.00,704825,66.00
2009-03-10,65.90,65.90,64.30,65.70,482500,65.70
2009-03-11,67.50,68.00,66.10,66.50,704437,66.50
2009-03-12,66.50,67.30,65.00,65.20,475930,65.20
2009-03-13,67.00,68.50,66.00,67.70,812619,67.70
2009-03-16,68.20,70.80,67.40,70.50,878599,70.50
2009-03-17,69.60,69.90,67.70,68.50,502973,68.50
2009-03-18,69.00,73.00,68.10,73.00,1089562,73.00
2009-03-19,73.00,73.80,70.50,70.50,611489,70.50
2009-03-20,70.50,71.70,69.20,69.40,355384,69.40
2009-03-23,70.00,71.50,69.70,70.30,396880,70.30
2009-03-24,71.10,72.00,70.00,70.00,452550,70.00
2009-03-25,70.00,72.50,68.80,71.10,705420,71.10
2009-03-26,71.50,73.40,71.50,72.10,558522,72.10
2009-03-27,74.00,75.10,72.30,74.10,972101,74.10
2009-03-30,74.00,74.00,69.00,70.20,654665,70.20
2009-03-31,70.00,70.00,68.10,68.70,422767,68.70
2009-04-01,70.20,70.60,69.10,70.00,309763,70.00
2009-04-02,71.90,71.90,70.00,71.70,610810,71.70
2009-04-03,72.60,72.90,70.80,71.30,345465,71.30
2009-04-06,71.00,71.50,69.30,70.00,298091,70.00
2009-04-07,68.80,70.70,68.80,70.70,195607,70.70
2009-04-08,70.70,70.70,68.00,68.40,563361,68.40
2009-04-09,69.50,73.10,69.50,73.10,812570,73.10
2009-04-10,74.90,75.00,72.00,74.00,521121,74.00
2009-04-13,74.00,77.90,72.20,77.70,713862,77.70
2009-04-14,72.30,76.30,72.30,76.00,745096,76.00
2009-04-15,75.90,77.80,74.50,76.30,466574,76.30
2009-04-16,78.00,78.00,76.00,76.40,394407,76.40
2009-04-17,77.20,79.00,74.00,74.70,611670,74.70
2009-04-20,74.20,77.10,74.00,77.10,404797,77.10
2009-04-21,74.50,76.40,73.50,76.30,298983,76.30
2009-04-22,76.30,76.80,74.00,75.70,311264,75.70
2009-04-23,75.60,75.60,73.00,75.20,368145,75.20
2009-04-24,75.20,76.20,73.50,74.30,372198,74.30
2009-04-27,75.60,75.70,73.00,74.50,321238,74.50
2009-04-28,74.00,75.00,73.10,73.60,274563,73.60
2009-04-29,73.80,74.50,72.20,74.00,340635,74.00
2009-04-30,79.10,79.10,76.60,79.10,920110,79.10
2009-05-04,79.10,84.40,79.10,83.30,477814,83.30
2009-05-05,82.00,85.60,82.00,84.20,490503,84.20
2009-05-06,84.20,85.00,81.80,84.50,410188,84.50
2009-05-07,83.60,85.00,82.10,85.00,597020,85.00
2009-05-08,84.80,88.70,83.60,88.70,494950,88.70
2009-05-11,88.60,89.70,86.00,87.80,347629,87.80
2009-05-12,85.50,87.90,85.10,87.90,311208,87.90
2009-05-13,87.90,87.90,86.70,87.90,172816,87.90
2009-05-14,81.80,85.00,81.80,84.30,372450,84.30
2009-05-15,83.00,84.00,81.50,82.80,424361,82.80
2009-05-18,82.80,82.80,80.00,81.20,399019,81.20
2009-05-19,82.50,86.00,82.50,85.00,354170,85.00
2009-05-20,85.00,87.00,84.10,84.30,249222,84.30
2009-05-21,85.60,85.90,82.60,82.90,293610,82.90
2009-05-22,82.00,83.40,80.50,81.80,500007,81.80
2009-05-25,83.70,83.70,80.00,81.90,387954,81.90
2009-05-26,81.90,82.70,80.60,82.70,373106,82.70
2009-05-27,86.50,86.50,78.70,79.20,1708415,79.20
2009-06-01,80.00,81.00,79.20,81.00,391558,81.00
2009-06-02,81.00,82.00,79.30,80.20,234039,80.20
2009-06-03,80.00,81.80,79.00,81.80,342650,81.80
2009-06-04,82.50,82.50,80.50,82.50,407759,82.50
2009-06-05,82.50,82.50,81.00,81.80,121635,81.80
2009-06-06,81.80,82.50,81.00,81.30,48020,81.30
2009-06-08,81.00,81.00,76.00,76.50,425000,76.50
2009-06-09,76.00,78.00,74.50,77.50,314580,77.50
2009-06-10,77.50,78.50,76.30,78.40,199657,78.40
2009-06-11,78.60,78.70,75.10,78.70,205725,78.70
2009-06-12,78.20,78.20,74.50,75.40,371557,75.40
2009-06-15,75.40,75.40,71.50,72.40,236686,72.40
2009-06-16,72.40,73.50,70.20,71.50,157875,71.50
2009-06-17,69.00,73.20,69.00,70.20,206435,70.20
2009-06-18,71.10,71.30,67.50,67.50,266175,67.50
2009-06-19,68.80,68.80,66.50,67.10,232015,67.10
2009-06-22,68.00,68.00,66.20,67.90,145458,67.90
2009-06-23,67.80,67.80,65.00,65.10,385958,65.10
2009-06-24,66.80,69.60,63.90,69.60,405823,69.60
2009-06-25,70.20,70.20,68.10,69.50,245290,69.50
2009-06-26,71.50,71.50,67.20,68.20,285290,68.20
2009-06-29,68.30,69.10,66.30,66.90,252304,66.90
2009-06-30,68.30,68.70,67.60,68.00,111615,68.00
2009-07-01,68.70,71.50,67.00,70.90,299500,70.90
2009-07-02,70.90,70.90,69.60,70.20,175695,70.20
2009-07-03,70.00,70.00,69.00,69.80,81516,69.80
2009-07-06,70.70,70.70,68.80,68.80,165442,68.80
2009-07-07,68.60,71.00,67.50,71.00,243895,71.00
2009-07-08,71.00,73.70,70.50,73.70,500149,73.70
2009-07-09,73.20,74.50,72.50,72.50,223508,72.50
2009-07-10,72.50,73.00,72.20,72.80,246069,72.80
2009-07-13,72.80,72.80,68.20,68.80,281298,68.80
2009-07-14,68.80,70.10,68.50,68.50,308196,68.50
2009-07-15,65.00,68.80,64.50,67.40,454735,67.40
2009-07-16,68.20,68.60,66.60,66.60,157000,66.60
2009-07-17,67.80,70.00,67.10,69.00,234358,69.00
2009-07-20,69.90,70.70,68.80,70.00,178842,70.00
2009-07-21,70.40,72.00,69.30,71.70,265548,71.70
2009-07-22,72.50,76.70,72.20,76.70,609079,76.70
2009-07-23,76.00,76.60,75.00,75.90,426633,75.90
2009-07-24,75.00,75.50,73.90,74.40,250835,74.40
2009-07-27,74.40,76.50,74.40,75.80,213299,75.80
2009-07-28,74.80,76.90,74.80,76.90,296055,76.90
2009-07-29,78.90,79.50,77.70,78.90,375445,78.90
2009-07-30,78.90,78.90,76.10,76.90,318200,76.90
2009-07-31,77.60,78.50,75.50,75.60,217580,75.60
2009-08-03,75.60,75.60,72.80,73.80,205336,73.80
2009-08-04,74.20,74.40,69.50,71.40,384293,71.40
2009-08-05,66.60,71.00,66.60,70.00,180015,70.00
2009-08-06,70.00,70.30,68.00,69.60,144000,69.60
2009-08-10,68.60,68.70,67.80,68.20,202847,68.20
2009-08-11,68.20,70.40,67.30,70.00,88217,70.00
2009-08-12,69.80,69.80,68.10,68.80,166277,68.80
2009-08-13,69.80,70.50,67.00,69.80,305494,69.80
2009-08-14,70.30,70.90,68.80,70.40,144104,70.40
2009-08-17,69.50,69.50,67.90,68.10,160985,68.10
2009-08-18,67.10,68.10,66.60,67.10,268247,67.10
2009-08-19,68.20,68.20,66.10,66.20,188290,66.20
2009-08-20,67.20,67.20,65.50,65.60,249706,65.60
2009-08-21,68.10,68.10,65.00,65.60,260340,65.60
2009-08-24,66.90,68.30,65.90,67.40,201493,67.40
2009-08-25,67.10,67.10,66.00,66.00,126435,66.00
2009-08-26,65.60,65.60,64.00,65.30,183737,65.30
2009-08-27,65.00,65.00,64.10,64.30,125327,64.30
2009-08-28,64.50,66.00,63.50,65.20,189554,65.20
2009-08-31,65.20,65.20,62.50,65.00,386646,65.00
2009-09-01,63.40,66.10,63.20,66.00,195637,66.00
2009-09-02,65.90,66.50,64.60,66.20,128825,66.20
2009-09-03,66.50,67.50,65.20,66.50,216760,66.50
2009-09-04,67.20,67.20,65.70,67.20,173386,67.20
2009-09-07,67.90,67.90,66.00,66.90,187419,66.90
2009-09-08,67.00,71.00,67.00,71.00,654310,71.00
2009-09-09,71.00,71.00,68.50,69.80,295608,69.80
2009-09-10,74.00,74.60,71.50,74.60,1457108,74.60
2009-09-11,73.80,75.50,72.10,74.40,416482,74.40
2009-09-14,74.40,75.50,73.20,74.00,394329,74.00
2009-09-15,73.70,77.00,73.70,76.50,473771,76.50
2009-09-16,76.60,78.90,76.40,78.70,531970,78.70
2009-09-17,79.60,79.60,77.30,77.90,372638,77.90
2009-09-18,77.90,82.20,77.40,82.20,663697,82.20
2009-09-21,82.50,86.00,82.20,85.00,757911,85.00
2009-09-22,85.00,85.00,82.80,83.20,416121,83.20
2009-09-23,83.20,84.00,80.50,81.30,367872,81.30
2009-09-24,80.00,83.20,80.00,83.20,242778,83.20
2009-09-25,82.90,82.90,81.00,81.20,193650,81.20
2009-09-28,80.10,81.00,79.70,79.80,141782,79.80
2009-09-29,81.00,83.20,80.20,82.50,309847,82.50
2009-09-30,82.50,83.40,81.70,82.60,137512,82.60
2009-10-01,82.60,86.00,81.00,86.00,223983,86.00
2009-10-02,83.00,85.00,81.00,82.00,286500,82.00
2009-10-05,81.50,82.00,80.20,81.10,148277,81.10
2009-10-06,81.10,83.20,80.50,82.80,155452,82.80
2009-10-07,83.20,84.20,81.80,83.00,118590,83.00
2009-10-08,83.00,83.90,81.50,81.50,246148,81.50
2009-10-09,82.70,82.80,81.50,82.50,87719,82.50
2009-10-12,83.00,83.00,80.50,81.30,262172,81.30
2009-10-13,79.60,80.90,77.70,80.70,314069,80.70
2009-10-14,81.00,82.20,80.60,82.20,222577,82.20
2009-10-15,81.50,83.80,81.50,83.80,445418,83.80
2009-10-16,85.00,85.00,82.80,83.90,192050,83.90
2009-10-19,82.30,82.80,81.60,82.00,194262,82.00
2009-10-20,81.50,82.20,81.10,81.10,152948,81.10
2009-10-21,81.00,81.00,79.20,79.30,214056,79.30
2009-10-22,79.00,79.00,77.00,78.20,308272,78.20
2009-10-23,78.30,78.30,77.60,77.80,250068,77.80
2009-10-26,78.30,80.90,78.30,78.80,154255,78.80
2009-10-27,77.50,79.00,77.30,79.00,109148,79.00
2009-10-28,78.80,79.00,77.00,77.00,196711,77.00
2009-10-29,77.00,77.00,74.00,75.20,198114,75.20
2009-10-30,77.50,78.00,75.20,76.30,394365,76.30
2009-11-02,75.00,75.00,73.20,74.10,193159,74.10
2009-11-03,74.30,74.50,73.20,73.80,184654,73.80
2009-11-04,74.50,75.00,74.00,74.60,102211,74.60
2009-11-05,75.50,75.50,73.50,73.50,181600,73.50
2009-11-06,74.70,75.20,74.40,74.70,123311,74.70
2009-11-09,76.20,77.30,75.50,76.90,150264,76.90
2009-11-10,77.60,78.20,77.00,77.00,108856,77.00
2009-11-11,78.20,80.20,77.00,80.20,258065,80.20
2009-11-12,80.20,80.70,79.50,80.40,142014,80.40
2009-11-13,80.40,81.80,79.60,81.30,219171,81.30
2009-11-16,81.30,84.00,81.30,83.50,392519,83.50
2009-11-17,84.20,85.50,83.70,84.80,442107,84.80
2009-11-18,84.50,87.80,83.10,85.80,614798,85.80
2009-11-19,85.00,86.00,84.50,84.50,171559,84.50
2009-11-20,84.00,84.00,81.20,83.00,306578,83.00
2009-11-23,82.80,83.90,82.20,83.90,95038,83.90
2009-11-24,83.90,84.40,83.10,84.40,194331,84.40
2009-11-25,84.40,85.90,83.70,85.40,299964,85.40
2009-11-26,85.50,86.20,84.30,84.50,179369,84.50
2009-11-27,81.30,82.90,79.40,79.40,552973,79.40
2009-11-30,82.90,83.00,80.10,80.90,365888,80.90
2009-12-01,81.80,81.90,79.00,81.70,283695,81.70
2009-12-02,83.70,83.70,80.90,81.40,139482,81.40
2009-12-03,81.10,82.00,80.20,82.00,136560,82.00
2009-12-04,83.00,83.00,81.80,81.80,141699,81.80
2009-12-07,81.80,83.50,81.10,83.10,249897,83.10
2009-12-08,83.90,83.90,81.90,82.10,151075,82.10
2009-12-09,82.50,82.80,80.80,81.50,308587,81.50
2009-12-10,82.40,82.60,78.50,79.10,416653,79.10
2009-12-11,79.20,80.90,78.50,80.70,257179,80.70
2009-12-14,82.20,82.20,79.60,81.20,178167,81.20
2009-12-15,81.20,81.30,80.30,81.30,80208,81.30
2009-12-16,80.70,80.70,79.50,80.30,163869,80.30
2009-12-17,79.00,81.00,79.00,79.20,176320,79.20
2009-12-18,78.50,78.90,77.70,78.40,132094,78.40
2009-12-21,79.60,80.40,79.50,80.30,122709,80.30
2009-12-22,80.60,81.00,80.00,80.50,105754,80.50
2009-12-23,81.00,81.00,79.80,80.90,98164,80.90
2009-12-24,81.00,82.20,80.60,81.90,293597,81.90
2009-12-25,82.10,82.70,81.50,82.70,232952,82.70
2009-12-28,82.00,84.50,82.00,83.90,370122,83.90
2009-12-29,82.80,84.50,82.00,82.70,267354,82.70
2009-12-30,82.70,86.30,82.20,86.00,845969,86.00
2009-12-31,87.00,87.00,85.90,86.30,475049,86.30
2010-01-04,87.30,88.80,86.00,86.60,435849,86.60
2010-01-05,88.80,88.80,85.50,86.60,288848,86.60
2010-01-06,86.60,87.30,86.60,87.00,282623,87.00
2010-01-07,87.00,90.30,87.00,88.90,514734,88.90
2010-01-08,88.90,89.90,87.70,88.80,322529,88.80
2010-01-11,88.80,88.80,87.10,87.40,242870,87.40
2010-01-12,87.00,87.10,85.50,85.80,255425,85.80
2010-01-13,85.00,86.00,85.00,85.90,106452,85.90
2010-01-14,86.00,86.50,85.00,85.30,179150,85.30
2010-01-15,85.00,86.20,85.00,85.60,140440,85.60
2010-01-18,85.10,85.60,84.60,85.00,146735,85.00
2010-01-19,86.20,90.90,85.10,90.90,782341,90.90
2010-01-20,97.20,97.20,97.20,97.20,652856,97.20
2010-01-21,104.00,104.00,97.30,103.50,2219470,103.50
2010-01-22,100.00,101.50,98.50,98.70,974599,98.70
2010-01-25,98.80,105.50,98.80,105.50,739683,105.50
2010-01-26,106.50,106.50,98.20,98.20,860170,98.20
2010-01-27,92.20,95.00,91.40,92.10,788130,92.10
2010-01-28,93.00,98.00,90.50,93.00,664900,93.00
2010-01-29,92.50,92.50,86.50,88.20,657190,88.20
2010-02-01,88.00,91.50,87.30,89.20,456788,89.20
2010-02-02,91.20,91.20,83.00,84.50,617622,84.50
2010-02-03,85.00,85.80,82.80,85.00,433774,85.00
2010-02-04,85.50,85.90,84.10,85.00,293188,85.00
2010-02-05,80.00,81.00,79.20,79.40,500569,79.40
2010-02-06,79.00,81.80,79.00,81.70,286405,81.70
2010-02-08,80.30,81.00,79.00,79.00,369428,79.00
2010-02-09,79.00,79.40,75.60,79.00,528380,79.00
2010-02-10,80.00,81.80,79.00,81.40,454591,81.40
2010-02-22,82.50,86.00,82.50,85.40,400483,85.40
2010-02-23,86.00,86.00,83.20,84.90,292584,84.90
2010-02-24,83.50,84.80,82.50,83.70,290050,83.70
2010-02-25,84.80,84.80,82.50,83.70,460702,83.70
2010-02-26,84.50,84.50,82.60,82.60,175292,82.60
2010-03-01,82.50,85.80,82.40,84.50,213640,84.50
2010-03-02,86.10,86.10,84.00,84.00,271354,84.00
2010-03-03,85.60,85.60,83.20,83.50,73404,83.50
2010-03-04,86.00,88.60,84.60,85.40,548430,85.40
2010-03-05,88.40,90.00,87.00,89.00,582816,89.00
2010-03-08,91.00,91.00,89.40,89.50,288154,89.50
2010-03-09,89.00,90.90,88.90,90.90,175556,90.90
2010-03-10,90.80,90.80,89.50,90.30,129801,90.30
2010-03-11,90.50,90.80,88.50,88.80,175202,88.80
2010-03-12,88.40,89.40,87.50,88.50,112202,88.50
2010-03-15,88.10,88.10,86.00,86.00,169456,86.00
2010-03-16,86.00,88.40,86.00,88.40,114554,88.40
2010-03-17,89.90,94.50,89.60,94.50,617939,94.50
2010-03-18,96.50,97.40,93.50,96.80,463248,96.80
2010-03-19,94.00,96.20,94.00,94.70,152176,94.70
2010-03-22,94.60,94.60,91.00,92.40,220062,92.40
2010-03-23,91.00,93.00,91.00,92.00,177802,92.00
2010-03-24,92.30,93.90,92.00,92.70,127369,92.70
2010-03-25,92.00,92.50,90.00,92.00,174420,92.00
2010-03-26,91.80,98.40,89.50,98.40,793557,98.40
2010-03-29,98.40,100.50,96.10,97.60,487935,97.60
2010-03-30,97.60,98.00,96.20,96.80,171266,96.80
2010-03-31,96.80,98.70,95.70,95.90,267631,95.90
2010-04-01,96.00,99.60,96.00,98.30,542428,98.30
2010-04-02,98.30,98.50,97.20,97.70,95049,97.70
2010-04-06,100.50,101.00,98.50,98.90,389310,98.90
2010-04-07,98.90,104.00,98.80,102.00,484389,102.00
2010-04-08,101.00,104.50,100.00,101.50,346356,101.50
2010-04-09,101.50,101.50,98.80,99.50,199738,99.50
2010-04-12,100.00,102.00,98.00,99.20,217975,99.20
2010-04-13,99.00,99.90,96.00,97.10,128399,97.10
2010-04-14,98.10,99.40,97.00,99.40,134998,99.40
2010-04-15,99.90,101.00,97.50,98.50,174008,98.50
2010-04-16,98.30,99.30,95.80,96.20,238140,96.20
2010-04-19,95.00,96.00,89.50,89.50,613283,89.50
2010-04-20,89.80,90.70,87.50,88.30,418228,88.30
2010-04-21,88.80,92.00,88.50,91.50,260020,91.50
2010-04-22,91.20,91.20,88.10,89.70,380251,89.70
2010-04-23,88.80,90.50,88.40,89.50,221900,89.50
2010-04-26,90.70,94.80,90.70,94.30,447050,94.30
2010-04-27,92.40,92.90,92.00,92.50,98331,92.50
2010-04-28,90.00,90.90,89.20,90.40,183412,90.40
2010-04-29,90.40,90.40,88.60,88.60,406619,88.60
2010-04-30,89.10,91.40,88.40,88.60,319415,88.60
2010-05-03,88.00,88.90,87.30,88.80,280609,88.80
2010-05-04,88.80,89.40,87.00,88.40,205075,88.40
2010-05-05,85.80,86.90,82.80,82.90,547802,82.90
2010-05-06,82.90,82.90,80.70,81.10,361182,81.10
2010-05-07,79.60,81.90,79.00,80.30,309125,80.30
2010-05-10,80.60,82.90,80.00,81.60,247506,81.60
2010-05-11,82.60,83.10,80.10,80.40,404759,80.40
2010-05-12,80.40,81.40,77.20,77.70,798107,77.70
2010-05-13,78.10,81.00,78.10,80.80,328366,80.80
2010-05-14,80.80,82.00,80.40,81.60,120310,81.60
2010-05-17,80.00,80.10,78.00,78.20,264500,78.20
2010-05-18,78.20,80.00,78.20,79.50,176100,79.50
2010-05-19,78.00,82.80,78.00,80.30,295800,80.30
2010-05-20,79.50,80.20,76.10,76.80,362164,76.80
2010-05-21,74.80,74.80,71.50,71.70,356146,71.70
2010-05-24,69.60,69.60,68.00,68.80,636002,68.80
2010-05-25,67.50,67.50,64.00,64.00,667353,64.00
2010-05-26,64.00,64.50,59.60,59.60,2950947,59.60
2010-05-27,56.60,60.50,55.50,60.00,3522467,60.00
2010-05-28,60.00,61.50,58.50,59.00,2157598,59.00
2010-05-31,59.50,60.30,58.70,59.10,962532,59.10
2010-06-01,59.10,59.20,55.10,56.00,1853883,56.00
2010-06-02,55.50,58.80,54.00,56.70,1367600,56.70
2010-06-03,58.00,58.20,57.30,57.50,748671,57.50
2010-06-04,57.70,61.50,57.70,61.50,1276779,61.50
2010-06-07,60.00,60.50,59.00,59.20,1244441,59.20
2010-06-08,60.00,60.00,58.70,59.00,607526,59.00
2010-06-09,59.30,59.70,55.10,55.90,783300,55.90
2010-06-10,55.60,57.80,55.60,57.50,358550,57.50
2010-06-11,58.60,59.80,58.10,58.60,545602,58.60
2010-06-14,59.00,60.40,59.00,59.40,531452,59.40
2010-06-15,59.50,60.40,59.20,59.50,415352,59.50
2010-06-17,60.00,61.10,59.50,60.50,1066310,60.50
2010-06-18,61.00,61.00,58.80,58.90,791775,58.90
2010-06-21,59.60,60.30,59.10,59.50,505472,59.50
2010-06-22,59.50,60.00,59.50,59.50,556500,59.50
2010-06-23,59.00,60.00,58.50,59.50,414100,59.50
2010-06-24,59.50,59.90,59.20,59.50,321300,59.50
2010-06-25,59.00,60.90,59.00,59.60,647450,59.60
2010-06-28,59.80,63.70,59.20,63.40,1350256,63.40
2010-06-29,65.10,66.80,64.20,64.60,2322922,64.60
2010-06-30,60.10,62.30,60.10,61.20,898788,61.20
2010-07-01,61.20,61.50,59.60,59.80,805202,59.80
2010-07-02,60.30,63.40,60.30,61.70,774645,61.70
2010-07-05,62.90,66.00,62.60,66.00,1363585,66.00
2010-07-06,65.00,65.60,64.30,64.90,1005019,64.90
2010-07-07,64.90,65.60,63.70,63.80,573744,63.80
2010-07-08,64.80,65.90,64.60,64.90,616313,64.90
2010-07-09,65.40,65.40,64.20,64.30,340504,64.30
2010-07-12,65.30,65.80,64.60,65.20,530605,65.20
2010-07-13,65.50,65.50,63.80,63.80,421806,63.80
2010-07-14,64.70,66.20,64.70,65.20,684077,65.20
2010-07-15,65.00,65.40,64.50,65.20,329785,65.20
2010-07-16,65.50,65.70,64.00,64.20,438847,64.20
2010-07-19,63.30,63.90,63.00,63.50,272047,63.50
2010-07-20,63.50,65.50,63.50,64.10,297100,64.10
2010-07-21,65.00,65.80,64.30,65.00,442606,65.00
2010-07-22,65.50,65.50,64.10,64.30,314833,64.30
2010-07-23,65.00,65.50,64.40,64.50,392055,64.50
2010-07-26,64.90,65.80,64.60,64.70,296658,64.70
2010-07-27,65.00,65.20,64.30,64.30,210454,64.30
2010-07-28,64.80,64.80,64.10,64.50,223521,64.50
2010-07-29,64.50,65.00,63.90,64.00,230406,64.00
2010-07-30,64.00,64.00,61.90,62.10,500718,62.10
2010-08-02,62.00,63.40,62.00,62.60,255018,62.60
2010-08-03,63.00,63.50,62.60,62.60,245169,62.60
2010-08-04,62.60,63.00,62.00,62.20,233504,62.20
2010-08-05,62.20,62.50,60.10,60.20,419635,60.20
2010-08-06,60.20,61.70,60.20,61.30,303070,61.30
2010-08-09,61.80,62.40,61.30,61.80,172252,61.80
2010-08-10,62.00,62.20,60.80,61.00,142076,61.00
2010-08-11,60.20,61.10,60.10,60.40,202000,60.40
2010-08-12,60.00,61.00,59.60,60.90,230237,60.90
2010-08-13,61.80,64.80,61.20,64.30,933773,64.30
2010-08-16,64.90,68.00,63.10,67.70,1405859,67.70
2010-08-17,68.00,68.00,65.60,65.60,916430,65.60
2010-08-18,65.60,66.30,64.00,64.00,474428,64.00
2010-08-19,64.10,65.00,64.00,64.70,254002,64.70
2010-08-20,64.20,64.70,63.70,63.80,244127,63.80
2010-08-23,63.80,64.50,63.30,63.90,243304,63.90
2010-08-24,63.90,65.60,63.70,64.40,392433,64.40
2010-08-25,65.00,65.00,63.00,63.00,477700,63.00
2010-08-26,62.80,62.80,60.60,61.00,412802,61.00
2010-08-27,61.00,61.00,60.20,60.80,285000,60.80
2010-08-30,60.80,61.60,60.50,60.60,156601,60.60
2010-08-31,60.50,60.50,58.00,58.10,440358,58.10
2010-09-01,58.10,59.50,58.10,59.10,153950,59.10
2010-09-02,59.70,60.30,59.30,59.60,162550,59.60
2010-09-03,59.60,60.90,59.60,60.90,243807,60.90
2010-09-06,62.30,64.50,61.30,63.90,466581,63.90
2010-09-07,63.80,63.90,61.60,62.00,426292,62.00
2010-09-08,61.70,61.70,60.80,61.10,184209,61.10
2010-09-09,61.60,61.80,60.80,60.80,117570,60.80
2010-09-10,60.90,61.60,60.60,61.00,191242,61.00
2010-09-13,61.50,62.70,61.00,62.40,249610,62.40
2010-09-14,62.90,62.90,61.50,61.90,144062,61.90
2010-09-15,63.10,63.90,61.80,63.90,329441,63.90
2010-09-16,63.60,63.60,62.50,62.60,385441,62.60
2010-09-17,62.80,63.50,62.60,63.40,327050,63.40
2010-09-20,64.30,64.30,62.90,63.00,85008,63.00
2010-09-21,63.30,64.00,63.00,63.00,132250,63.00
2010-09-23,63.80,63.80,62.00,62.30,131866,62.30
2010-09-24,62.50,63.00,61.00,61.50,137808,61.50
2010-09-27,62.50,62.50,61.00,61.40,128014,61.40
2010-09-28,61.30,61.30,60.70,61.00,109203,61.00
2010-09-29,61.00,62.50,61.00,62.10,203318,62.10
2010-09-30,62.20,62.80,61.30,61.60,71920,61.60
2010-10-01,61.00,62.10,61.00,61.70,53350,61.70
2010-10-04,62.00,62.00,61.00,61.20,100868,61.20
2010-10-05,60.50,60.50,59.60,59.90,241801,59.90
2010-10-06,60.50,60.60,60.00,60.00,98013,60.00
2010-10-07,60.10,61.00,60.10,60.30,92068,60.30
2010-10-08,60.30,60.80,59.90,59.90,116043,59.90
2010-10-11,59.70,59.90,59.10,59.40,99354,59.40
2010-10-12,59.40,59.40,58.10,58.60,258953,58.60
2010-10-13,58.70,59.50,58.30,59.50,111200,59.50
2010-10-14,59.80,60.50,59.50,59.90,160051,59.90
2010-10-15,60.00,60.00,59.00,59.20,54300,59.20
2010-10-18,59.20,59.20,58.10,58.20,149090,58.20
2010-10-19,58.00,58.80,57.50,58.40,119953,58.40
2010-10-20,57.70,59.10,57.70,58.60,130256,58.60
2010-10-21,59.00,59.10,58.20,58.40,69692,58.40
2010-10-22,58.50,58.50,58.10,58.10,103452,58.10
2010-10-25,59.30,59.30,58.40,59.20,89112,59.20
2010-10-26,59.50,59.80,59.30,59.40,79316,59.40
2010-10-27,59.40,59.70,59.00,59.10,48604,59.10
2010-10-28,59.00,61.50,59.00,61.20,278477,61.20
2010-10-29,61.50,61.50,59.80,59.90,108852,59.90
2010-11-01,60.90,63.60,60.70,62.30,642736,62.30
2010-11-02,62.50,62.50,61.10,62.00,234111,62.00
2010-11-03,61.80,63.00,60.20,61.80,322999,61.80
2010-11-04,60.80,62.70,60.80,61.40,168047,61.40
2010-11-05,62.00,62.00,60.80,61.00,191505,61.00
2010-11-08,61.00,61.40,59.80,59.90,86942,59.90
2010-11-09,59.80,62.50,59.80,60.90,182963,60.90
2010-11-10,61.50,61.50,60.30,60.50,54652,60.50
2010-11-11,60.50,62.50,60.50,61.20,203226,61.20
2010-11-12,61.20,61.20,59.80,60.00,112252,60.00
2010-11-15,60.00,60.00,59.30,59.50,63298,59.50
2010-11-16,59.60,59.70,59.00,59.20,83110,59.20
2010-11-17,59.20,59.50,58.50,58.60,203462,58.60
2010-11-18,58.60,59.30,58.60,59.00,42210,59.00
2010-11-19,60.30,60.30,58.60,58.80,55173,58.80
2010-11-22,58.70,59.00,58.70,58.90,17000,58.90
2010-11-23,60.00,60.00,58.80,58.90,62202,58.90
2010-11-24,58.70,59.40,58.30,58.60,109250,58.60
2010-11-25,58.60,59.00,58.10,58.70,141100,58.70
2010-11-26,58.50,58.70,58.10,58.40,117899,58.40
2010-11-29,59.90,59.90,58.10,58.60,104081,58.60
2010-11-30,58.90,58.90,58.00,58.30,77045,58.30
2010-12-01,58.80,59.00,58.20,59.00,131987,59.00
2010-12-02,59.60,59.60,58.50,58.60,147556,58.60
2010-12-03,58.20,59.00,58.20,58.60,147025,58.60
2010-12-06,58.80,59.20,58.70,58.70,218940,58.70
2010-12-07,58.70,59.70,58.70,59.20,180262,59.20
2010-12-08,59.20,59.50,58.80,59.00,146652,59.00
2010-12-09,59.00,61.90,59.00,60.70,379007,60.70
2010-12-10,60.50,61.10,60.10,60.70,174308,60.70
2010-12-13,61.00,61.30,60.10,60.50,93191,60.50
2010-12-14,60.10,60.10,59.00,59.50,127374,59.50
2010-12-15,59.50,59.50,57.50,58.10,238059,58.10
2010-12-16,58.40,59.30,58.30,59.20,161555,59.20
2010-12-17,60.20,60.20,58.50,58.80,144578,58.80
2010-12-20,58.20,58.80,58.20,58.40,125072,58.40
2010-12-21,58.30,58.70,58.20,58.30,138630,58.30
2010-12-22,58.30,58.40,58.10,58.30,453604,58.30
2010-12-23,58.30,59.10,58.30,58.80,241659,58.80
2010-12-24,58.60,58.80,58.00,58.10,160819,58.10
2010-12-27,58.70,58.70,58.10,58.40,182954,58.40
2010-12-28,58.40,58.70,57.60,58.20,154100,58.20
2010-12-29,57.70,58.30,57.60,58.00,201176,58.00
2010-12-30,58.00,58.30,57.70,57.90,114252,57.90
2010-12-31,57.90,58.20,57.70,57.90,99654,57.90
2011-01-03,57.70,58.10,57.50,57.80,164509,57.80
2011-01-04,58.00,58.30,57.50,57.80,149665,57.80
2011-01-05,57.80,57.90,57.00,57.20,167378,57.20
2011-01-06,57.30,57.40,56.00,56.20,301606,56.20
2011-01-07,56.60,57.20,56.20,56.60,157008,56.60
2011-01-10,56.60,57.00,56.60,56.60,139864,56.60
2011-01-11,56.60,57.90,56.40,57.60,125350,57.60
2011-01-12,58.10,58.50,57.90,58.00,124202,58.00
2011-01-13,58.50,58.70,57.20,57.60,95420,57.60
2011-01-14,57.50,58.20,57.10,57.90,65896,57.90
2011-01-17,57.60,59.60,57.60,59.30,371541,59.30
2011-01-18,59.40,59.50,58.80,59.00,278999,59.00
2011-01-19,59.80,61.00,59.40,60.60,606904,60.60
2011-01-20,60.60,60.60,59.60,59.70,257400,59.70
2011-01-21,59.00,59.50,58.70,59.00,125657,59.00
2011-01-24,59.00,61.10,59.00,60.60,272556,60.60
2011-01-25,61.00,64.80,61.00,64.80,928915,64.80
2011-01-26,68.00,68.00,65.50,65.60,1566441,65.60
2011-01-27,65.60,65.60,62.50,63.70,712808,63.70
2011-01-28,63.70,64.20,62.90,62.90,276628,62.90
2011-02-08,64.00,64.20,60.80,61.90,472889,61.90
2011-02-09,62.00,62.40,61.00,61.10,259200,61.10
2011-02-10,61.00,61.90,59.80,61.00,287685,61.00
2011-02-11,60.10,60.90,57.30,57.40,645619,57.40
2011-02-14,57.40,58.50,57.00,57.80,381304,57.80
2011-02-15,57.70,59.80,56.50,58.90,393470,58.90
2011-02-16,59.10,59.10,57.00,57.40,414536,57.40
2011-02-17,57.50,58.20,57.10,57.20,424352,57.20
2011-02-18,57.90,58.30,57.60,57.80,174454,57.80
2011-02-21,58.40,59.90,57.90,59.50,454139,59.50
2011-02-22,59.20,59.20,57.30,57.90,587600,57.90
2011-02-23,57.50,58.10,56.80,57.00,331140,57.00
2011-02-24,57.00,58.10,57.00,57.00,201354,57.00
2011-02-25,57.90,58.50,57.50,58.10,275520,58.10
2011-03-01,58.10,58.50,57.30,57.80,187443,57.80
2011-03-02,57.30,57.80,56.60,56.70,391200,56.70
2011-03-03,57.90,57.90,57.00,57.50,170106,57.50
2011-03-04,58.50,58.50,57.10,57.10,213145,57.10
2011-03-07,57.10,57.70,57.10,57.30,101756,57.30
2011-03-08,57.50,57.70,57.30,57.40,83545,57.40
2011-03-09,57.60,58.90,57.50,58.50,296348,58.50
2011-03-10,58.40,58.60,57.40,57.50,223413,57.50
2011-03-11,57.00,57.50,56.90,57.30,146048,57.30
2011-03-14,61.30,61.30,61.30,61.30,602458,61.30
2011-03-15,65.50,65.50,64.30,65.50,3125821,65.50
2011-03-16,70.00,70.00,70.00,70.00,983367,70.00
2011-03-17,74.90,74.90,74.90,74.90,476147,74.90
2011-03-18,80.10,80.10,80.10,80.10,376249,80.10
2011-03-21,85.70,85.70,85.70,85.70,248288,85.70
2011-03-22,91.60,91.60,80.50,81.00,5272627,81.00
2011-03-23,79.00,85.80,77.10,84.00,3462917,84.00
2011-03-24,83.20,83.80,79.20,79.20,2076705,79.20
2011-03-25,79.00,82.00,78.50,78.50,1464597,78.50
2011-03-28,79.70,83.90,79.40,83.90,1632467,83.90
2011-03-29,83.90,84.90,78.50,79.50,2250999,79.50
2011-03-30,77.10,78.30,74.00,74.10,2441580,74.10
2011-03-31,73.90,77.60,71.60,75.00,1835351,75.00
2011-04-01,76.40,76.50,75.00,75.00,668189,75.00
2011-04-06,76.60,76.60,73.50,73.70,808466,73.70
2011-04-07,74.80,76.60,74.10,75.30,745193,75.30
2011-04-08,76.30,76.30,74.90,75.10,553154,75.10
2011-04-11,75.60,75.80,73.50,74.00,519450,74.00
2011-04-12,74.00,74.00,69.40,70.20,1204115,70.20
2011-04-13,68.80,70.20,68.30,70.00,641503,70.00
2011-04-14,71.40,73.50,70.60,73.30,1176820,73.30
2011-04-15,74.40,74.40,70.30,70.50,611873,70.50
2011-04-18,70.50,71.50,69.10,69.40,554622,69.40
2011-04-19,68.50,70.90,68.00,70.00,477000,70.00
2011-04-20,72.00,72.00,69.70,70.20,366021,70.20
2011-04-21,71.00,71.50,70.40,70.70,525229,70.70
2011-04-22,71.40,71.80,70.50,71.20,699110,71.20
2011-04-25,71.00,71.50,69.30,69.60,369212,69.60
2011-04-26,69.40,71.50,69.40,70.40,452519,70.40
2011-04-27,71.00,71.30,69.90,69.90,433593,69.90
2011-04-28,70.80,71.00,69.10,69.20,287255,69.20
2011-04-29,69.30,69.90,66.50,66.70,613583,66.70
2011-05-03,66.50,66.50,62.10,62.20,933597,62.20
2011-05-04,63.00,64.70,62.30,64.70,429523,64.70
2011-05-05,64.20,64.20,62.80,63.00,328848,63.00
2011-05-06,62.00,63.30,62.00,62.50,184404,62.50
2011-05-09,66.00,66.80,64.40,66.80,825566,66.80
2011-05-10,69.70,71.40,67.90,71.40,2059448,71.40
2011-05-11,71.90,73.40,69.40,69.60,1190780,69.60
2011-05-12,68.50,70.70,68.30,70.30,495487,70.30
2011-05-13,70.30,71.00,68.70,68.90,489600,68.90
2011-05-16,68.50,68.80,66.60,66.60,376577,66.60
2011-05-17,62.00,63.90,62.00,63.10,885576,63.10
2011-05-18,62.90,66.70,62.90,66.50,449518,66.50
2011-05-19,66.00,67.10,63.60,64.40,288556,64.40
2011-05-20,64.30,64.90,63.00,63.20,160000,63.20
2011-05-23,62.20,64.00,62.20,62.80,259813,62.80
2011-05-24,62.80,63.00,62.00,62.90,183209,62.90
2011-05-25,62.90,63.00,61.50,61.50,283576,61.50
2011-05-26,62.00,62.60,61.80,62.50,111150,62.50
2011-05-27,63.00,63.00,62.10,62.10,191011,62.10
2011-05-30,61.20,62.40,61.20,61.50,271226,61.50
2011-05-31,62.00,63.20,61.70,63.00,258014,63.00
2011-06-01,63.80,63.80,62.60,62.70,242250,62.70
2011-06-02,62.00,62.50,61.60,62.00,347150,62.00
2011-06-03,62.50,62.50,61.80,61.80,382715,61.80
2011-06-07,62.50,62.50,61.60,61.60,193500,61.60
2011-06-08,62.50,63.50,62.50,62.60,644697,62.60
2011-06-09,62.00,62.50,61.50,62.50,320184,62.50
2011-06-10,62.90,62.90,60.00,60.00,568650,60.00
2011-06-13,59.50,60.20,57.60,57.90,548151,57.90
2011-06-14,57.90,59.20,57.90,58.70,181030,58.70
2011-06-15,58.70,61.00,58.10,60.30,953251,60.30
2011-06-16,59.90,59.90,58.10,58.60,326000,58.60
2011-06-17,58.70,59.20,58.10,58.80,249000,58.80
2011-06-20,58.90,59.40,56.70,56.70,295272,56.70
2011-06-21,57.80,59.20,57.00,59.20,404643,59.20
2011-06-22,60.00,60.00,57.80,58.20,185380,58.20
2011-06-23,58.20,58.60,57.20,58.00,175233,58.00
2011-06-24,57.30,59.90,57.20,59.40,311004,59.40
2011-06-27,58.60,62.00,58.20,61.50,779823,61.50
2011-06-28,61.50,61.50,59.40,59.40,458484,59.40
2011-06-29,60.50,60.60,59.60,59.60,339652,59.60
2011-06-30,59.60,60.20,59.50,59.60,182669,59.60
2011-07-01,60.00,60.20,58.90,58.90,278404,58.90
2011-07-04,59.50,59.50,58.00,58.00,174500,58.00
2011-07-05,58.10,58.60,57.60,57.60,292050,57.60
2011-07-06,57.60,58.20,57.50,57.50,207556,57.50
2011-07-07,58.00,58.10,57.30,57.40,279100,57.40
2011-07-08,58.00,58.00,56.70,56.70,261810,56.70
2011-07-11,56.00,56.50,54.90,55.00,345600,55.00
2011-07-12,54.00,54.60,52.60,53.40,296402,53.40
2011-07-13,53.00,53.40,51.40,51.40,403202,51.40
2011-07-14,52.00,52.80,51.00,51.20,167537,51.20
2011-07-15,52.50,53.50,51.50,52.50,310706,52.50
2011-07-18,52.50,52.50,51.00,51.00,264420,51.00
2011-07-19,50.70,51.70,50.70,50.80,106002,50.80
2011-07-20,51.50,54.10,51.40,53.70,248176,53.70
2011-07-21,53.70,54.00,52.10,52.70,210202,52.70
2011-07-22,52.50,53.50,52.50,53.00,144820,53.00
2011-07-25,52.90,52.90,51.20,51.40,89100,51.40
2011-07-26,52.00,52.40,51.40,52.00,78000,52.00
2011-07-27,52.10,52.70,51.70,52.70,139050,52.70
2011-07-28,52.00,52.00,51.60,51.70,109226,51.70
2011-07-29,51.70,51.80,51.00,51.00,134000,51.00
2011-08-01,50.60,53.40,50.60,53.00,347510,53.00
2011-08-02,52.70,52.90,52.10,52.90,66200,52.90
2011-08-03,51.20,52.10,50.60,51.10,179310,51.10
2011-08-04,51.10,52.30,51.10,52.10,236000,52.10
2011-08-05,49.50,49.95,48.50,48.50,303062,48.50
2011-08-08,45.15,47.55,45.15,45.15,272600,45.15
2011-08-09,42.00,42.60,42.00,42.00,379600,42.00
2011-08-10,43.00,43.20,40.50,42.25,726424,42.25
2011-08-11,39.50,40.95,39.30,40.90,580273,40.90
2011-08-12,42.30,42.30,40.30,40.30,407474,40.30
2011-08-15,40.30,43.10,40.30,42.25,310556,42.25
2011-08-16,42.75,42.75,41.00,41.00,457998,41.00
2011-08-17,41.00,41.50,38.90,39.35,400404,39.35
2011-08-18,39.00,39.00,36.60,36.65,949906,36.65
2011-08-19,34.30,35.00,34.10,34.10,476352,34.10
2011-08-22,34.10,35.00,34.10,34.35,197019,34.35
2011-08-23,34.35,36.75,34.35,36.75,315122,36.75
2011-08-24,36.75,37.45,35.90,36.00,272368,36.00
2011-08-25,36.15,36.50,35.00,35.20,165252,35.20
2011-08-26,34.10,35.50,34.10,35.10,143100,35.10
2011-08-29,35.10,37.55,35.10,37.55,249406,37.55
2011-08-30,38.60,38.60,37.15,37.45,358549,37.45
2011-08-31,37.10,37.80,36.45,37.30,152001,37.30
2011-09-01,37.60,38.80,37.10,37.50,396346,37.50
2011-09-02,37.10,38.00,35.20,38.00,625596,38.00
2011-09-05,37.00,37.00,35.65,35.75,319113,35.75
2011-09-06,35.00,35.05,34.55,34.65,255135,34.65
2011-09-07,35.10,35.50,34.70,34.80,166820,34.80
2011-09-08,35.00,35.80,35.00,35.50,104000,35.50
2011-09-09,34.95,35.95,34.95,35.10,54000,35.10
2011-09-13,35.00,35.40,33.50,33.50,218150,33.50
2011-09-14,33.60,34.75,31.20,31.30,350100,31.30
2011-09-15,32.50,32.50,31.35,32.10,246320,32.10
2011-09-16,32.20,33.20,31.75,31.90,869209,31.90
2011-09-19,31.90,32.00,31.30,31.80,154500,31.80
2011-09-20,31.40,31.70,30.20,31.00,435100,31.00
2011-09-21,30.50,33.15,30.25,33.15,655010,33.15
2011-09-22,33.15,33.15,31.20,31.80,435574,31.80
2011-09-23,30.20,31.50,30.20,30.75,290000,30.75
2011-09-26,30.85,31.40,30.55,30.60,220529,30.60
2011-09-27,31.20,31.70,31.00,31.10,151895,31.10
2011-09-28,31.20,31.65,30.70,31.00,224150,31.00
2011-09-29,30.50,32.30,30.50,31.75,155202,31.75
2011-09-30,31.75,31.75,30.85,30.95,234328,30.95
2011-10-03,30.50,31.40,30.30,30.70,174033,30.70
2011-10-04,30.20,30.65,30.05,30.25,141963,30.25
2011-10-05,30.50,31.40,30.40,30.65,152332,30.65
2011-10-06,31.10,31.40,30.90,31.00,171049,31.00
2011-10-07,31.45,31.75,31.10,31.10,97571,31.10
2011-10-11,32.00,32.20,31.30,31.60,143387,31.60
2011-10-12,31.50,32.20,31.50,31.75,187701,31.75
2011-10-13,32.05,32.20,31.50,31.80,187312,31.80
2011-10-14,32.00,32.60,31.50,32.10,206000,32.10
2011-10-17,32.50,34.30,32.20,34.30,827695,34.30
2011-10-18,33.80,33.80,33.05,33.35,259283,33.35
2011-10-19,33.60,33.75,33.10,33.10,152150,33.10
2011-10-20,32.65,33.00,31.75,31.80,162461,31.80
2011-10-21,32.00,32.00,31.60,31.75,61100,31.75
2011-10-24,32.05,33.75,32.00,33.45,320000,33.45
2011-10-25,33.65,34.25,33.15,33.45,279246,33.45
2011-10-26,33.20,33.55,32.80,33.30,96456,33.30
2011-10-27,33.40,33.40,32.60,33.00,89220,33.00
2011-10-28,33.45,33.80,32.65,32.70,177445,32.70
2011-10-31,32.50,32.70,31.70,31.90,180202,31.90
2011-11-01,31.55,33.50,31.55,32.70,221000,32.70
2011-11-02,31.70,32.40,31.70,32.30,134091,32.30
2011-11-03,32.85,32.85,31.65,31.70,148743,31.70
2011-11-04,32.50,33.90,32.00,33.10,366231,33.10
2011-11-07,32.90,33.50,32.65,32.90,98109,32.90
2011-11-08,32.90,33.40,32.50,32.85,69411,32.85
2011-11-09,32.80,32.80,32.00,32.00,154898,32.00
2011-11-10,31.50,31.50,30.20,30.40,275340,30.40
2011-11-11,30.40,30.95,30.40,30.65,85504,30.65
2011-11-14,31.20,31.45,31.00,31.40,85356,31.40
2011-11-15,31.45,31.85,31.15,31.15,67841,31.15
2011-11-16,31.05,31.65,30.55,30.60,102499,30.60
2011-11-17,30.20,30.80,30.20,30.60,69599,30.60
2011-11-18,30.20,30.40,30.00,30.00,119635,30.00
2011-11-21,30.10,30.10,28.15,28.70,198487,28.70
2011-11-22,28.10,29.80,28.10,28.55,122200,28.55
2011-11-23,28.55,28.95,28.00,28.00,116394,28.00
2011-11-24,27.75,29.80,27.75,28.85,134000,28.85
2011-11-25,28.30,28.85,27.00,27.35,187000,27.35
2011-11-28,27.50,28.00,27.20,27.50,72000,27.50
2011-11-29,27.90,28.50,27.90,28.25,104202,28.25
2011-11-30,28.25,28.50,27.25,27.30,126956,27.30
2011-12-01,28.35,29.20,28.35,29.20,177631,29.20
2011-12-02,29.20,31.20,29.20,31.20,577232,31.20
2011-12-05,29.50,30.40,29.50,29.70,253499,29.70
2011-12-06,29.95,31.00,29.55,29.80,202887,29.80
2011-12-07,29.80,30.80,29.80,30.80,165050,30.80
2011-12-08,30.80,30.80,29.60,30.00,68422,30.00
2011-12-09,29.10,30.75,28.65,30.20,124463,30.20
2011-12-12,30.45,31.40,29.90,30.20,74707,30.20
2011-12-13,30.80,30.80,29.20,29.50,72239,29.50
2011-12-14,30.00,30.00,29.35,29.35,97450,29.35
2011-12-15,29.20,29.20,28.30,28.30,110249,28.30
2011-12-16,28.80,28.80,27.75,28.00,129150,28.00
2011-12-19,27.70,28.80,27.35,27.40,126122,27.40
2011-12-20,27.85,28.85,27.20,28.55,87050,28.55
2011-12-21,30.45,30.45,29.30,29.55,181000,29.55
2011-12-22,29.95,30.00,29.15,29.70,168050,29.70
2011-12-23,30.00,30.75,30.00,30.45,138202,30.45
2011-12-26,30.15,30.20,29.75,29.85,90050,29.85
2011-12-27,29.85,30.85,29.85,30.40,141252,30.40
2011-12-28,30.45,30.45,29.50,29.50,134000,29.50
2011-12-29,29.30,31.55,29.30,31.55,297050,31.55
2011-12-30,31.75,31.75,30.85,30.90,215439,30.90
2012-01-02,30.60,30.85,30.00,30.00,81202,30.00
2012-01-03,30.00,30.10,29.80,30.05,62000,30.05
2012-01-04,30.05,31.00,29.75,30.10,124704,30.10
2012-01-05,30.20,30.60,29.60,29.70,168109,29.70
2012-01-06,29.70,30.30,29.20,29.25,275252,29.25
2012-01-09,29.20,29.25,28.50,28.55,129633,28.55
2012-01-10,28.55,28.95,28.55,28.75,93213,28.75
2012-01-11,28.90,29.35,28.90,29.25,116214,29.25
2012-01-12,29.30,29.90,29.15,29.30,143275,29.30
2012-01-13,29.30,30.00,29.20,29.20,241300,29.20
2012-01-16,30.00,30.00,28.25,28.80,211050,28.80
2012-01-17,28.75,29.50,28.70,29.15,168157,29.15
2012-01-18,29.15,30.00,29.10,29.50,252404,29.50
2012-01-30,30.60,31.00,30.30,30.90,267614,30.90
2012-01-31,30.80,31.80,30.80,31.30,295195,31.30
2012-02-01,31.50,32.55,30.90,32.55,471820,32.55
2012-02-02,33.30,34.80,33.00,34.80,493511,34.80
2012-02-03,37.20,37.20,37.20,37.20,429259,37.20
2012-02-04,39.80,39.80,39.80,39.80,175572,39.80
2012-02-06,42.55,42.55,42.55,42.55,2966208,42.55
2012-02-07,41.65,41.90,40.10,41.90,1795837,41.90
2012-02-08,41.35,42.90,41.20,42.85,1155517,42.85
2012-02-09,43.00,43.50,41.80,41.90,1066509,41.90
2012-02-10,42.70,44.80,42.00,44.80,2116862,44.80
2012-02-13,44.30,44.30,42.30,42.80,910682,42.80
2012-02-14,43.30,43.75,41.35,43.00,913202,43.00
2012-02-15,42.90,43.05,41.90,42.90,784141,42.90
2012-02-16,42.80,43.45,41.00,41.20,704870,41.20
2012-02-17,41.30,42.10,40.90,40.90,506000,40.90
2012-02-20,41.50,42.80,40.75,42.50,532312,42.50
2012-02-21,42.50,43.45,41.90,42.55,530806,42.55
2012-02-22,43.90,44.70,42.80,43.80,867200,43.80
2012-02-23,43.80,43.80,41.30,41.60,578456,41.60
2012-02-24,41.00,42.20,40.30,40.75,431843,40.75
2012-02-29,41.40,41.45,40.30,40.75,290265,40.75
2012-03-01,40.95,41.75,40.75,41.20,270052,41.20
2012-03-02,41.50,42.00,41.25,41.50,277957,41.50
2012-03-03,41.20,41.80,41.00,41.00,173013,41.00
2012-03-05,41.20,42.00,41.05,41.35,335095,41.35
2012-03-06,41.35,41.35,38.50,39.80,518003,39.80
2012-03-07,39.80,41.30,38.80,40.70,490135,40.70
2012-03-08,41.20,41.20,40.00,40.10,253855,40.10
2012-03-09,40.20,40.85,40.00,40.30,219803,40.30
2012-03-12,40.75,40.75,38.20,38.85,257300,38.85
2012-03-13,39.00,40.65,39.00,40.25,169600,40.25
2012-03-14,40.90,41.25,40.40,41.25,365408,41.25
2012-03-15,42.10,42.10,40.90,41.00,165669,41.00
2012-03-16,41.00,41.80,41.00,41.35,143555,41.35
2012-03-19,41.50,41.60,39.30,39.90,266693,39.90
2012-03-20,40.00,40.20,39.30,39.35,184402,39.35
2012-03-21,39.30,40.10,39.10,39.45,169118,39.45
2012-03-22,39.45,39.95,39.20,39.50,101250,39.50
2012-03-23,39.20,39.40,38.90,39.00,131404,39.00
2012-03-26,38.90,39.55,38.50,38.65,216596,38.65
2012-03-27,38.90,38.95,38.50,38.50,85100,38.50
2012-03-28,38.50,39.00,38.35,38.55,81854,38.55
2012-03-29,37.35,37.60,35.90,36.00,471212,36.00
2012-03-30,35.30,36.00,34.80,35.65,188619,35.65
2012-04-02,35.65,36.20,35.05,35.05,158000,35.05
2012-04-03,35.10,35.50,34.00,34.45,245497,34.45
2012-04-05,33.80,34.30,32.50,34.00,151445,34.00
2012-04-06,34.00,34.60,33.65,34.25,291442,34.25
2012-04-09,32.30,33.95,32.30,33.10,191100,33.10
2012-04-10,34.00,34.00,32.65,32.90,191010,32.90
2012-04-11,33.00,33.65,32.50,33.55,186100,33.55
2012-04-12,34.10,34.90,33.40,34.55,343100,34.55
2012-04-13,36.50,36.50,35.05,35.30,226486,35.30
2012-04-16,34.25,34.70,33.80,33.80,123527,33.80
2012-04-17,34.50,34.50,33.30,33.60,174000,33.60
2012-04-18,34.00,34.30,33.60,33.60,123000,33.60
2012-04-19,33.30,34.30,33.25,33.60,69251,33.60
2012-04-20,33.60,33.70,31.25,31.85,285066,31.85
2012-04-23,31.70,31.70,31.00,31.20,138251,31.20
2012-04-24,31.20,31.95,31.20,31.75,106150,31.75
2012-04-25,31.95,32.70,31.80,32.40,64152,32.40
2012-04-26,32.50,33.00,31.30,31.60,102950,31.60
2012-04-27,32.20,32.30,31.20,31.20,79498,31.20
2012-04-30,31.20,31.30,30.80,31.10,104868,31.10
2012-05-02,31.90,32.90,31.45,32.90,107511,32.90
2012-05-03,32.90,33.40,32.25,32.25,68792,32.25
2012-05-04,32.20,33.80,32.20,32.90,170354,32.90
2012-05-07,32.40,32.40,31.05,31.50,134250,31.50
2012-05-08,31.95,31.95,31.30,31.40,137000,31.40
2012-05-09,31.05,31.65,31.05,31.15,105163,31.15
2012-05-10,31.20,31.90,31.20,31.20,71000,31.20
2012-05-11,31.50,31.50,31.00,31.20,70152,31.20
2012-05-14,31.20,31.20,30.85,30.85,72404,30.85
2012-05-15,30.50,30.95,30.00,30.80,117100,30.80
2012-05-16,29.05,30.60,29.05,29.70,90107,29.70
2012-05-17,30.50,30.95,29.60,30.25,117252,30.25
2012-05-18,30.25,30.30,29.10,29.10,120142,29.10
2012-05-21,29.10,30.50,29.10,30.00,81404,30.00
2012-05-22,30.20,30.50,29.50,29.90,76000,29.90
2012-05-23,29.80,29.90,29.40,29.45,121017,29.45
2012-05-24,29.70,30.00,29.20,29.30,66000,29.30
2012-05-25,29.90,29.90,29.15,29.15,76000,29.15
2012-05-28,29.15,29.50,29.15,29.45,27006,29.45
2012-05-29,29.50,31.50,29.50,31.50,202041,31.50
2012-05-30,32.00,32.00,30.60,31.10,151994,31.10
2012-05-31,30.50,31.30,30.00,30.75,81236,30.75
2012-06-01,30.20,30.50,30.00,30.05,60206,30.05
2012-06-04,29.00,29.10,28.00,28.30,162188,28.30
2012-06-05,28.35,29.25,28.35,28.95,63000,28.95
2012-06-06,28.95,29.90,28.95,29.60,55000,29.60
2012-06-07,30.00,30.00,29.10,29.40,52454,29.40
2012-06-08,29.85,30.35,29.20,29.90,193402,29.90
2012-06-11,30.00,30.30,29.90,29.95,42000,29.95
2012-06-12,29.95,29.95,29.30,29.60,62000,29.60
2012-06-13,30.25,30.40,29.05,29.05,145089,29.05
2012-06-14,29.05,29.80,29.05,29.05,108114,29.05
2012-06-15,29.50,29.50,29.00,29.35,137718,29.35
2012-06-18,29.80,30.00,29.35,29.50,244000,29.50
2012-06-19,29.50,29.80,29.25,29.30,78202,29.30
2012-06-20,29.35,29.75,29.00,29.30,144100,29.30
2012-06-21,29.40,29.65,29.15,29.20,73100,29.20
2012-06-22,28.50,29.10,28.50,28.80,67100,28.80
2012-06-25,29.00,29.00,28.40,28.40,150416,28.40
2012-06-26,28.70,29.15,28.65,29.00,129004,29.00
2012-06-27,28.80,29.60,28.80,29.20,129040,29.20
2012-06-28,29.45,29.45,28.65,28.70,64001,28.70
2012-06-29,28.70,29.20,28.70,29.20,61000,29.20
2012-07-02,29.50,29.50,28.75,29.20,123050,29.20
2012-07-03,29.20,29.50,29.20,29.30,107404,29.30
2012-07-04,29.75,29.75,29.20,29.30,115000,29.30
2012-07-05,29.35,29.65,29.30,29.50,125000,29.50
2012-07-06,29.65,29.65,29.15,29.20,41034,29.20
2012-07-09,29.15,29.35,28.90,28.90,17100,28.90
2012-07-10,29.10,29.30,28.60,28.70,40160,28.70
2012-07-11,28.70,28.75,28.10,28.30,113000,28.30
2012-07-12,28.50,28.50,28.10,28.10,85202,28.10
2012-07-13,28.05,28.30,27.75,27.80,102350,27.80
2012-07-16,27.80,28.00,27.20,27.20,65372,27.20
2012-07-17,26.60,27.80,26.60,26.85,142202,26.85
2012-07-18,26.90,27.00,26.65,26.65,86000,26.65
2012-07-19,26.80,27.00,26.60,26.80,101524,26.80
2012-07-20,26.80,27.00,26.75,26.85,63110,26.85
2012-07-23,26.70,26.85,26.45,26.45,94006,26.45
2012-07-24,26.45,26.60,25.85,26.00,100202,26.00
2012-07-25,25.85,27.00,25.60,26.50,80545,26.50
2012-07-26,26.50,26.80,26.30,26.60,43000,26.60
2012-07-27,26.90,27.20,26.65,27.10,53550,27.10
2012-07-30,27.20,27.20,26.80,27.00,27056,27.00
2012-07-31,26.85,27.00,26.65,27.00,59515,27.00
2012-08-01,27.00,27.20,26.85,27.10,106000,27.10
2012-08-03,27.10,27.10,26.65,26.95,52000,26.95
2012-08-06,27.10,27.80,27.10,27.10,133158,27.10
2012-08-07,27.05,27.05,26.00,26.30,242705,26.30
2012-08-08,26.30,26.60,26.05,26.20,153404,26.20
2012-08-09,26.20,27.85,26.20,27.80,153563,27.80
2012-08-10,27.50,28.30,27.40,27.80,151503,27.80
2012-08-13,28.40,28.40,27.50,28.20,78350,28.20
2012-08-14,28.10,29.90,27.80,29.25,256939,29.25
2012-08-15,30.50,30.50,29.35,29.75,235358,29.75
2012-08-16,29.85,30.55,29.60,29.85,152202,29.85
2012-08-17,29.90,30.50,29.80,29.80,172299,29.80
2012-08-20,29.80,29.80,28.50,28.50,182508,28.50
2012-08-21,28.50,29.60,28.50,29.25,91150,29.25
2012-08-22,28.80,29.60,28.80,29.45,72404,29.45
2012-08-23,29.20,29.80,29.20,29.45,70100,29.45
2012-08-24,29.40,29.50,28.65,29.10,65212,29.10
2012-08-27,28.90,29.30,28.90,29.15,39404,29.15
2012-08-28,29.40,29.65,28.80,29.20,134000,29.20
2012-08-29,29.20,29.30,29.00,29.05,83000,29.05
2012-08-30,29.05,29.90,29.05,29.50,133954,29.50
2012-08-31,29.50,29.80,28.40,28.80,130202,28.80
2012-09-03,28.50,29.20,28.50,29.00,107867,29.00
2012-09-04,31.00,31.00,31.00,31.00,138733,31.00
2012-09-05,33.15,33.15,33.15,33.15,353202,33.15
2012-09-06,35.40,35.40,33.20,33.40,1237697,33.40
2012-09-07,33.80,33.80,32.35,32.65,372552,32.65
2012-09-10,33.80,34.50,33.10,33.90,437619,33.90
2012-09-11,33.90,34.10,33.50,34.10,258179,34.10
2012-09-12,34.20,35.40,34.20,34.50,501503,34.50
2012-09-13,35.00,35.10,34.10,34.20,214000,34.20
2012-09-14,34.60,35.70,34.20,35.30,386110,35.30
2012-09-17,35.50,35.70,34.40,34.40,226500,34.40
2012-09-18,33.80,35.50,33.80,35.50,323190,35.50
2012-09-19,35.40,37.95,35.40,37.95,841554,37.95
2012-09-20,37.60,37.60,35.80,36.50,624808,36.50
2012-09-21,36.00,37.00,36.00,37.00,254100,37.00
2012-09-24,36.90,36.90,36.00,36.25,150862,36.25
2012-09-25,36.00,36.75,35.50,35.60,212402,35.60
2012-09-26,35.30,35.30,34.70,34.80,141100,34.80
2012-09-27,34.50,35.50,34.50,34.90,183000,34.90
2012-09-28,35.25,35.30,34.65,34.70,122129,34.70
2012-10-01,34.90,34.90,34.35,34.55,66202,34.55
2012-10-02,34.70,35.00,34.40,34.70,96202,34.70
2012-10-03,35.25,35.70,35.00,35.55,185395,35.55
2012-10-04,35.30,35.90,35.10,35.45,147154,35.45
2012-10-05,36.00,36.20,35.35,35.55,186606,35.55
2012-10-08,36.00,36.00,34.60,34.60,71229,34.60
2012-10-09,34.60,35.30,34.60,34.80,120050,34.80
2012-10-11,33.70,34.50,33.00,33.20,114946,33.20
2012-10-12,33.25,33.45,32.50,32.55,97100,32.55
2012-10-15,32.55,32.55,32.10,32.30,25050,32.30
2012-10-16,32.30,33.00,32.30,32.60,42000,32.60
2012-10-17,33.20,33.20,31.85,32.10,87202,32.10
2012-10-18,32.10,32.40,31.45,31.50,105200,31.50
2012-10-19,31.00,31.30,31.00,31.30,76202,31.30
2012-10-22,30.60,31.20,30.60,31.20,29065,31.20
2012-10-23,30.90,31.65,30.90,31.20,34123,31.20
2012-10-24,30.90,31.30,30.90,31.20,37010,31.20
2012-10-25,31.20,31.20,30.75,30.80,41740,30.80
2012-10-26,30.50,31.30,30.50,30.60,206557,30.60
2012-10-29,32.40,32.40,29.10,29.10,106926,29.10
2012-10-30,29.40,31.10,29.40,31.10,176355,31.10
2012-10-31,30.90,31.50,30.00,30.10,137670,30.10
2012-11-01,30.10,30.70,29.50,30.70,40000,30.70
2012-11-02,31.05,31.45,30.70,30.70,61200,30.70
2012-11-05,30.30,30.40,29.80,30.00,41434,30.00
2012-11-06,30.70,30.70,29.80,30.00,88202,30.00
2012-11-07,30.00,31.00,30.00,30.80,49000,30.80
2012-11-08,30.80,30.90,29.40,29.65,87150,29.65
2012-11-09,29.70,31.00,29.70,30.55,118011,30.55
2012-11-12,31.15,31.15,30.10,30.25,40507,30.25
2012-11-13,30.10,30.10,29.00,29.05,103150,29.05
2012-11-14,29.05,30.15,29.05,29.80,161000,29.80
2012-11-15,29.20,29.95,29.05,29.30,71629,29.30
2012-11-16,28.70,29.80,28.60,28.60,191017,28.60
2012-11-19,28.60,28.60,28.05,28.05,57302,28.05
2012-11-20,28.45,28.80,28.00,28.10,76300,28.10
2012-11-21,28.10,28.90,27.15,27.30,149400,27.30
2012-11-22,27.50,27.70,27.05,27.50,49250,27.50
2012-11-23,27.95,29.15,27.95,28.95,110808,28.95
2012-11-26,29.20,30.10,29.20,29.45,82000,29.45
2012-11-27,29.50,29.90,29.50,29.60,58354,29.60
2012-11-28,29.35,30.50,29.30,30.00,82050,30.00
2012-11-29,30.55,30.90,30.30,30.50,124304,30.50
2012-11-30,30.50,31.50,30.50,31.10,174400,31.10
2012-12-03,31.30,32.75,30.95,31.90,149060,31.90
2012-12-04,32.50,32.50,31.30,31.60,91226,31.60
2012-12-05,31.60,32.30,31.35,31.55,105404,31.55
2012-12-06,31.80,32.00,31.05,31.25,91404,31.25
2012-12-07,31.30,31.30,30.50,30.50,84100,30.50
2012-12-10,31.60,31.60,30.50,30.50,60252,30.50
2012-12-11,30.70,31.00,30.50,30.50,35350,30.50
2012-12-12,30.50,31.30,30.50,31.20,59606,31.20
2012-12-13,31.20,31.90,31.20,31.80,113350,31.80
2012-12-14,31.80,32.00,31.40,31.90,126606,31.90
2012-12-17,31.50,31.90,31.15,31.20,39798,31.20
2012-12-18,31.80,31.90,31.40,31.65,50000,31.65
2012-12-19,31.30,32.00,31.05,31.35,71400,31.35
2012-12-20,31.40,31.75,31.10,31.10,56050,31.10
2012-12-21,31.10,31.10,29.55,29.90,155051,29.90
2012-12-22,29.90,30.05,29.50,29.90,117000,29.90
2012-12-24,30.10,30.60,29.50,29.70,35606,29.70
2012-12-25,29.70,31.45,29.70,31.00,189506,31.00
2012-12-26,31.20,32.00,31.10,31.45,298778,31.45
2012-12-27,30.35,31.60,30.35,30.65,71410,30.65
2012-12-28,30.70,31.25,30.70,30.80,80653,30.80
2013-01-02,30.80,31.65,30.80,31.10,83256,31.10
2013-01-03,31.95,31.95,31.30,31.50,99690,31.50
2013-01-04,31.50,32.20,31.40,31.60,194011,31.60
2013-01-07,31.95,33.80,31.65,33.80,701369,33.80
2013-01-08,34.15,34.15,32.60,33.00,650048,33.00
2013-01-09,32.80,33.00,32.10,32.50,187250,32.50
2013-01-10,32.50,33.90,32.50,33.20,336162,33.20
2013-01-11,33.00,33.75,32.85,33.45,203366,33.45
2013-01-14,33.30,34.10,32.90,34.10,210283,34.10
2013-01-15,34.10,34.60,33.00,33.25,275317,33.25
2013-01-16,32.50,33.25,31.60,31.65,241250,31.65
2013-01-17,31.70,32.15,30.50,31.05,224013,31.05
2013-01-18,31.25,31.85,31.20,31.45,109000,31.45
2013-01-21,31.60,31.60,31.00,31.10,202329,31.10
2013-01-22,31.10,31.65,31.10,31.20,85200,31.20
2013-01-23,31.50,31.55,31.00,31.00,49202,31.00
2013-01-24,31.20,31.20,29.85,30.15,308000,30.15
2013-01-25,30.15,30.15,29.50,29.60,213702,29.60
2013-01-28,29.65,30.00,29.60,29.70,62100,29.70
2013-01-29,29.90,30.35,29.90,30.35,61000,30.35
2013-01-30,30.60,31.40,30.45,31.00,195808,31.00
2013-01-31,30.95,30.95,30.30,30.30,98000,30.30
2013-02-01,30.85,30.85,30.05,30.70,96048,30.70
2013-02-04,31.00,31.45,30.50,31.45,204431,31.45
2013-02-05,31.45,31.60,30.90,31.40,97366,31.40
2013-02-06,31.70,31.70,30.75,30.75,61000,30.75
2013-02-18,30.80,31.35,30.50,30.55,62203,30.55
2013-02-19,30.55,30.80,30.30,30.30,157999,30.30
2013-02-20,30.50,30.75,30.30,30.40,130814,30.40
2013-02-21,30.70,30.70,30.10,30.20,84000,30.20
2013-02-22,30.15,30.50,30.10,30.15,69000,30.15
2013-02-23,30.20,30.60,30.20,30.25,67000,30.25
2013-02-25,30.25,30.50,30.15,30.35,149848,30.35
2013-02-26,30.45,30.80,30.45,30.55,137000,30.55
2013-02-27,30.70,30.75,30.15,30.15,72000,30.15
2013-03-01,30.20,30.65,30.20,30.40,60012,30.40
2013-03-04,31.20,31.20,29.75,29.90,290250,29.90
2013-03-05,29.95,30.15,29.80,29.95,131405,29.95
2013-03-06,30.60,30.75,30.30,30.60,127000,30.60
2013-03-07,30.70,30.75,30.10,30.30,50808,30.30
2013-03-08,30.80,30.90,30.60,30.60,155704,30.60
2013-03-11,31.40,32.70,30.80,32.70,380670,32.70
2013-03-12,33.50,34.95,33.45,34.60,1370129,34.60
2013-03-13,34.60,35.20,34.45,34.45,833855,34.45
2013-03-14,34.20,34.20,33.35,33.40,409913,33.40
2013-03-15,33.85,33.95,33.00,33.05,269261,33.05
2013-03-18,32.70,32.70,30.75,30.85,348450,30.85
2013-03-19,31.00,31.35,31.00,31.20,164202,31.20
2013-03-20,31.90,31.90,30.30,30.35,330051,30.35
2013-03-21,30.80,31.00,30.40,30.40,186152,30.40
2013-03-22,30.40,30.85,30.40,30.60,61589,30.60
2013-03-25,31.05,31.05,30.40,30.65,160915,30.65
2013-03-26,30.60,30.75,30.35,30.75,111910,30.75
2013-03-27,30.75,31.50,30.60,30.80,183000,30.80
2013-03-28,30.90,31.80,30.60,31.60,251324,31.60
2013-03-29,31.75,31.80,31.20,31.80,152398,31.80
2013-04-01,31.45,31.80,31.00,31.45,129401,31.45
2013-04-02,31.30,31.90,31.10,31.35,108000,31.35
2013-04-03,32.00,32.00,31.20,31.50,47170,31.50
2013-04-08,30.60,31.20,30.20,30.30,162119,30.30
2013-04-09,30.70,30.70,29.90,29.95,229168,29.95
2013-04-10,30.50,30.50,30.00,30.00,109672,30.00
2013-04-11,30.10,30.85,30.10,30.40,146168,30.40
2013-04-12,30.40,30.70,30.20,30.20,69832,30.20
2013-04-15,30.60,30.80,29.90,30.25,72202,30.25
2013-04-16,29.95,30.00,29.10,29.60,241001,29.60
2013-04-17,29.80,29.80,29.15,29.70,251179,29.70
2013-04-18,29.65,29.70,29.30,29.60,103192,29.60
2013-04-19,29.60,30.80,29.60,30.35,180706,30.35
2013-04-22,31.00,31.00,30.00,30.50,141304,30.50
2013-04-23,30.50,30.80,30.15,30.20,100152,30.20
2013-04-24,30.40,30.80,30.35,30.65,125000,30.65
2013-04-25,30.50,31.00,30.20,30.20,181352,30.20
2013-04-26,30.30,30.80,30.30,30.30,55803,30.30
2013-04-29,30.40,30.95,30.20,30.70,163302,30.70
2013-04-30,30.90,31.15,30.60,30.60,172000,30.60
2013-05-02,30.40,30.60,30.30,30.60,62808,30.60
2013-05-03,30.70,30.95,30.40,30.40,76658,30.40
2013-05-06,30.45,30.85,30.40,30.40,111290,30.40
2013-05-07,30.75,30.85,30.25,30.50,119100,30.50
2013-05-08,30.50,30.90,30.45,30.55,203661,30.55
2013-05-09,30.90,32.30,30.90,31.70,429565,31.70
2013-05-10,31.50,31.95,31.50,31.50,182960,31.50
2013-05-13,31.75,31.90,31.35,31.40,180666,31.40
2013-05-14,31.80,31.80,31.00,31.20,98200,31.20
2013-05-15,31.30,31.85,31.00,31.70,211234,31.70
2013-05-16,32.00,32.50,31.30,32.10,399315,32.10
2013-05-17,32.00,33.00,31.90,32.70,340769,32.70
2013-05-20,33.20,33.20,32.15,32.30,242708,32.30
2013-05-21,32.60,33.10,31.95,32.00,307656,32.00
2013-05-22,32.00,32.45,31.80,31.80,162250,31.80
2013-05-23,31.80,31.80,31.00,31.00,192200,31.00
2013-05-24,31.00,31.00,30.60,31.00,66100,31.00
2013-05-27,30.80,31.00,30.55,30.80,96202,30.80
2013-05-28,31.00,31.75,30.80,31.30,121500,31.30
2013-05-29,31.20,31.60,31.20,31.35,51500,31.35
2013-05-30,31.35,31.40,30.70,30.80,115065,30.80
2013-05-31,31.40,31.50,30.80,30.80,103000,30.80
2013-06-03,30.80,31.00,30.40,31.00,45000,31.00
2013-06-04,31.20,31.20,30.70,30.70,88202,30.70
2013-06-05,30.80,30.80,30.60,30.60,105835,30.60
2013-06-06,30.70,30.90,30.20,30.50,123027,30.50
2013-06-07,30.50,31.00,30.20,30.60,135202,30.60
2013-06-10,30.95,31.20,30.75,31.05,110000,31.05
2013-06-11,31.05,31.15,30.60,30.70,99000,30.70
2013-06-13,30.60,30.60,29.80,29.80,123604,29.80
2013-06-14,31.85,31.85,31.70,31.85,581551,31.85
2013-06-17,33.00,33.20,31.85,32.50,669800,32.50
2013-06-18,32.40,32.40,31.05,31.35,318451,31.35
2013-06-19,31.35,31.95,31.35,31.55,83944,31.55
2013-06-20,31.30,31.30,30.60,30.70,119000,30.70
2013-06-21,30.30,30.65,29.80,30.20,133250,30.20
2013-06-24,30.30,31.20,30.00,31.00,218150,31.00
2013-06-25,30.40,30.60,29.90,30.00,148064,30.00
2013-06-26,30.65,30.70,30.15,30.30,100232,30.30
2013-06-27,30.80,30.80,30.10,30.15,178000,30.15
2013-06-28,30.15,30.55,30.00,30.20,118145,30.20
2013-07-01,30.20,30.70,30.00,30.70,174300,30.70
2013-07-02,30.80,31.00,30.05,30.15,298890,30.15
2013-07-03,30.65,30.65,30.00,30.35,146404,30.35
2013-07-04,30.10,30.60,30.00,30.00,197514,30.00
2013-07-05,30.00,30.60,30.00,30.50,141202,30.50
2013-07-08,30.40,30.40,29.90,29.90,94123,29.90
2013-07-09,30.45,30.45,29.90,30.30,71001,30.30
2013-07-10,30.30,30.30,30.10,30.10,76008,30.10
2013-07-11,30.00,30.90,30.00,30.60,233348,30.60
2013-07-12,30.90,31.00,30.30,30.70,87000,30.70
2013-07-15,30.90,30.90,30.45,30.45,72100,30.45
2013-07-16,30.50,30.80,30.45,30.65,48061,30.65
2013-07-17,30.80,30.80,30.20,30.35,82519,30.35
2013-07-18,30.35,30.60,30.00,30.15,168202,30.15
2013-07-19,30.15,30.25,29.75,30.15,65010,30.15
2013-07-22,30.00,30.10,29.90,29.90,44350,29.90
2013-07-23,30.00,30.60,30.00,30.20,144000,30.20
2013-07-24,30.50,30.50,30.10,30.10,48000,30.10
2013-07-25,30.30,30.50,30.20,30.20,46202,30.20
2013-07-26,30.60,30.60,30.20,30.20,25080,30.20
2013-07-29,30.20,30.45,30.10,30.20,51779,30.20
2013-07-30,30.20,30.30,29.95,30.30,101022,30.30
2013-07-31,30.30,30.30,29.80,30.00,53014,30.00
2013-08-01,30.00,30.10,29.85,29.95,61150,29.95
2013-08-02,30.00,30.00,29.70,29.70,103051,29.70
2013-08-05,29.80,30.10,29.70,30.05,57000,30.05
2013-08-06,29.90,30.00,29.80,29.95,79414,29.95
2013-08-07,29.80,30.00,29.60,29.60,54100,29.60
2013-08-08,29.50,29.60,29.30,29.50,78000,29.50
2013-08-09,29.50,30.00,29.35,29.35,86000,29.35
2013-08-12,29.35,29.35,29.05,29.05,69659,29.05
2013-08-13,29.10,29.50,29.10,29.50,26680,29.50
2013-08-14,29.25,29.40,29.20,29.40,57000,29.40
2013-08-15,29.20,29.40,29.05,29.15,72202,29.15
2013-08-16,28.00,29.25,28.00,28.70,93269,28.70
2013-08-19,28.70,28.85,28.30,28.55,161202,28.55
2013-08-20,28.55,28.75,28.20,28.20,131200,28.20
2013-08-22,28.20,29.10,28.20,28.85,79000,28.85
2013-08-23,29.00,29.00,28.75,28.90,37202,28.90
2013-08-26,29.30,29.30,28.70,28.80,30000,28.80
2013-08-27,29.30,29.30,28.60,28.60,33000,28.60
2013-08-28,28.40,28.70,28.05,28.55,82000,28.55
2013-08-29,28.90,29.05,28.65,28.75,47404,28.75
2013-08-30,29.05,29.05,28.55,28.70,57544,28.70
2013-09-02,28.70,29.70,28.70,29.45,91000,29.45
2013-09-03,29.40,29.85,29.40,29.80,95412,29.80
2013-09-04,29.80,30.10,29.50,30.10,145323,30.10
2013-09-05,32.10,32.10,30.65,30.65,388399,30.65
2013-09-06,30.65,30.95,30.25,30.30,221510,30.30
2013-09-09,30.30,30.40,29.60,29.60,225029,29.60
2013-09-10,29.80,29.85,29.30,29.35,68302,29.35
2013-09-11,29.50,29.60,29.05,29.50,43100,29.50
2013-09-12,29.30,29.65,29.20,29.45,49116,29.45
2013-09-13,29.25,29.70,29.25,29.70,40271,29.70
2013-09-14,29.70,29.70,29.20,29.20,25076,29.20
2013-09-16,29.60,29.80,29.30,29.30,88803,29.30
2013-09-17,29.30,29.40,29.25,29.25,88085,29.25
2013-09-18,29.70,29.75,29.50,29.50,73354,29.50
2013-09-23,30.05,30.20,29.70,29.90,70314,29.90
2013-09-24,29.95,29.95,29.60,29.90,55068,29.90
2013-09-25,29.90,29.90,29.65,29.75,79296,29.75
2013-09-26,29.60,29.60,29.15,29.35,88006,29.35
2013-09-27,29.35,29.55,28.90,29.00,121098,29.00
2013-09-30,29.00,29.50,29.00,29.25,55600,29.25
2013-10-01,29.50,30.00,29.20,29.20,167202,29.20
2013-10-02,29.50,29.70,29.25,29.30,62963,29.30
2013-10-03,29.30,29.80,29.30,29.65,127606,29.65
2013-10-04,29.70,30.40,29.70,30.30,288808,30.30
2013-10-07,30.65,30.65,29.30,29.40,145670,29.40
2013-10-08,29.30,29.90,29.30,29.40,106355,29.40
2013-10-09,29.50,29.50,29.25,29.40,51304,29.40
2013-10-11,29.75,29.95,29.40,29.50,87100,29.50
2013-10-14,29.90,29.90,28.95,28.95,88861,28.95
2013-10-15,29.60,29.85,29.20,29.80,148402,29.80
2013-10-16,29.90,30.30,29.50,30.10,134202,30.10
2013-10-17,30.50,30.80,30.15,30.30,106546,30.30
2013-10-18,30.30,30.45,29.90,30.35,124155,30.35
2013-10-21,30.40,30.60,30.05,30.05,46260,30.05
2013-10-22,30.05,30.40,29.85,29.85,37000,29.85
2013-10-23,30.00,30.20,29.60,29.60,78716,29.60
2013-10-24,29.70,29.80,29.40,29.80,81442,29.80
2013-10-25,29.60,29.80,29.25,29.35,62841,29.35
2013-10-28,29.55,29.75,29.30,29.30,14619,29.30
2013-10-29,29.30,29.70,29.20,29.35,94217,29.35
2013-10-30,29.40,29.75,29.05,29.70,122504,29.70
2013-10-31,29.70,30.10,29.50,29.50,131354,29.50
2013-11-01,29.50,29.70,29.40,29.40,74100,29.40
2013-11-04,29.50,29.80,29.30,29.50,128906,29.50
2013-11-05,29.70,31.20,29.60,30.05,505045,30.05
2013-11-06,30.05,30.50,29.55,30.50,214677,30.50
2013-11-07,30.50,30.50,29.65,29.70,187656,29.70
2013-11-08,29.70,29.75,29.50,29.55,46100,29.55
2013-11-11,29.85,29.90,29.40,29.60,73102,29.60
2013-11-12,30.30,30.30,29.60,29.90,118152,29.90
2013-11-13,29.90,30.10,29.30,29.30,65202,29.30
2013-11-14,29.30,29.85,29.30,29.75,48000,29.75
2013-11-15,29.95,30.40,29.55,29.60,61999,29.60
2013-11-18,29.65,29.70,29.30,29.30,61299,29.30
2013-11-19,29.35,29.35,29.20,29.20,30000,29.20
2013-11-20,29.80,29.80,29.20,29.25,24000,29.25
2013-11-21,29.20,29.50,28.40,28.60,351081,28.60
2013-11-22,28.50,28.50,27.55,27.90,375200,27.90
2013-11-25,28.00,28.45,28.00,28.40,75858,28.40
2013-11-26,28.40,28.40,28.10,28.15,47252,28.15
2013-11-27,28.40,28.60,28.20,28.35,95573,28.35
2013-11-28,28.35,28.85,28.00,28.70,166171,28.70
2013-11-29,28.70,28.80,28.50,28.75,79001,28.75
2013-12-02,28.75,28.90,28.50,28.50,58808,28.50
2013-12-03,28.80,28.80,28.45,28.45,59000,28.45
2013-12-04,28.45,28.70,28.45,28.70,75202,28.70
2013-12-05,28.60,28.80,28.00,28.40,100152,28.40
2013-12-06,28.45,28.60,28.35,28.50,47000,28.50
2013-12-09,28.30,28.70,28.30,28.60,88100,28.60
2013-12-10,28.60,28.60,28.50,28.60,31792,28.60
2013-12-11,28.60,29.10,28.55,28.80,78000,28.80
2013-12-12,28.55,28.75,28.30,28.75,19100,28.75
2013-12-13,28.75,29.00,28.50,28.80,45000,28.80
2013-12-16,28.95,28.95,28.65,28.75,60400,28.75
2013-12-17,28.75,29.35,28.40,29.20,180250,29.20
2013-12-18,29.10,29.20,28.50,28.50,64023,28.50
2013-12-19,28.85,28.85,28.55,28.60,58354,28.60
2013-12-20,28.70,28.80,28.55,28.55,58052,28.55
2013-12-23,28.80,29.15,28.60,28.65,75617,28.65
2013-12-24,28.75,28.95,28.70,28.80,28100,28.80
2013-12-25,28.80,28.80,28.55,28.80,138202,28.80
2013-12-26,28.80,29.20,28.80,28.85,103511,28.85
2013-12-27,29.15,30.10,29.15,30.00,322550,30.00
2013-12-30,30.20,32.10,30.20,32.10,1115867,32.10
2013-12-31,32.35,33.80,32.20,32.50,1092402,32.50
2014-01-02,32.50,32.50,31.35,31.40,643200,31.40
2014-01-03,31.25,33.55,31.25,33.55,1016036,33.55
2014-01-06,35.00,35.85,33.65,35.85,1601818,35.85
2014-01-07,35.75,35.75,34.30,34.80,870820,34.80
2014-01-08,35.85,35.90,35.10,35.90,672662,35.90
2014-01-09,35.90,37.40,34.70,34.90,1000434,34.90
2014-01-10,36.20,36.25,35.30,35.75,593968,35.75
2014-01-13,36.50,36.60,34.55,35.30,526692,35.30
2014-01-14,34.80,35.35,34.35,34.35,460478,34.35
2014-01-15,34.55,34.85,34.10,34.10,352404,34.10
2014-01-16,34.30,34.50,33.60,33.70,451000,33.70
2014-01-17,33.60,34.60,33.60,33.65,197000,33.65
2014-01-20,33.80,34.25,33.25,33.30,143800,33.30
2014-01-21,33.20,33.65,32.85,33.00,400275,33.00
2014-01-22,33.00,33.55,33.00,33.10,186304,33.10
2014-01-23,33.65,33.65,32.45,32.45,352252,32.45
2014-01-24,32.45,32.75,31.70,31.90,202739,31.90
2014-01-27,31.80,31.80,30.85,30.85,353049,30.85
2014-02-05,30.40,30.75,29.45,30.55,326153,30.55
2014-02-06,30.60,31.25,30.20,30.80,314001,30.80
2014-02-07,31.15,31.15,30.50,30.55,264404,30.55
2014-02-10,30.60,30.90,30.60,30.70,146606,30.70
2014-02-11,31.45,31.50,31.15,31.30,219627,31.30
2014-02-12,31.60,31.70,30.80,31.30,220030,31.30
2014-02-13,31.45,31.90,31.30,31.30,214202,31.30
2014-02-14,31.70,31.75,31.10,31.10,169192,31.10
2014-02-17,31.10,31.15,30.45,31.15,185022,31.15
2014-02-18,31.15,31.15,30.80,31.15,196449,31.15
2014-02-19,31.20,31.80,30.95,31.80,244100,31.80
2014-02-20,31.80,31.80,31.25,31.25,139900,31.25
2014-02-21,31.65,31.65,30.90,31.30,259070,31.30
2014-02-24,31.50,32.75,31.35,32.75,401755,32.75
2014-02-25,32.95,33.30,32.05,32.30,325931,32.30
2014-02-26,32.20,32.60,32.10,32.30,199000,32.30
2014-02-27,33.20,33.20,32.40,32.90,259202,32.90
2014-03-03,33.00,33.10,31.90,32.50,310202,32.50
2014-03-04,32.50,32.55,32.00,32.00,141000,32.00
2014-03-05,32.00,32.45,32.00,32.15,113469,32.15
2014-03-06,32.20,32.90,32.20,32.80,218152,32.80
2014-03-07,33.40,33.80,32.65,33.30,446897,33.30
2014-03-10,33.50,33.60,32.60,32.90,215385,32.90
2014-03-11,32.90,33.00,32.35,32.65,197300,32.65
2014-03-12,32.65,32.65,32.15,32.35,97180,32.35
2014-03-13,32.35,32.80,32.35,32.60,105628,32.60
2014-03-14,32.50,33.00,32.50,32.90,168856,32.90
2014-03-17,32.90,33.20,32.85,33.00,175000,33.00
2014-03-18,33.60,33.60,32.95,33.05,217758,33.05
2014-03-19,33.30,33.40,32.20,32.25,274299,32.25
2014-03-20,32.25,32.25,31.10,31.10,286392,31.10
2014-03-21,31.10,31.40,31.10,31.30,141000,31.30
2014-03-24,30.50,30.90,30.25,30.75,193202,30.75
2014-03-25,30.75,31.30,30.75,31.30,99000,31.30
2014-03-26,31.50,31.50,31.15,31.20,68112,31.20
2014-03-27,31.10,31.25,31.05,31.20,60000,31.20
2014-03-28,31.00,31.15,30.80,30.90,72240,30.90
2014-03-31,31.30,31.30,30.90,30.95,85000,30.95
2014-04-01,30.90,31.15,30.85,31.10,54600,31.10
2014-04-02,31.30,31.70,31.30,31.70,129403,31.70
2014-04-03,31.10,31.25,31.05,31.05,84202,31.05
2014-04-07,31.10,31.45,30.95,31.35,134250,31.35
2014-04-08,31.35,31.45,31.10,31.10,57000,31.10
2014-04-09,31.10,31.45,31.00,31.10,66099,31.10
2014-04-10,31.10,31.30,31.00,31.30,120723,31.30
2014-04-11,31.10,31.10,30.55,30.75,221031,30.75
2014-04-14,30.75,30.75,30.25,30.30,134152,30.30
2014-04-15,30.70,30.70,30.40,30.45,61212,30.45
2014-04-16,30.30,32.30,30.10,31.85,397100,31.85
2014-04-17,31.80,31.85,31.25,31.60,154102,31.60
2014-04-18,31.70,31.70,31.30,31.45,104000,31.45
2014-04-21,31.40,32.20,31.40,32.10,191652,32.10
2014-04-22,32.30,32.50,32.10,32.15,129782,32.15
2014-04-23,32.20,33.30,32.20,32.55,314454,32.55
2014-04-24,32.30,32.60,31.80,31.80,210822,31.80
2014-04-25,31.45,31.65,30.20,30.90,260591,30.90
2014-04-28,30.40,31.70,30.20,31.30,123050,31.30
2014-04-29,31.50,31.50,31.00,31.20,117202,31.20
2014-04-30,31.00,31.20,30.80,30.85,146000,30.85
2014-05-02,30.90,31.25,30.80,31.25,51000,31.25
2014-05-05,31.45,31.45,31.00,31.00,46606,31.00
2014-05-06,31.05,31.45,31.05,31.35,78150,31.35
2014-05-07,31.25,31.25,30.85,30.85,162119,30.85
2014-05-08,30.90,31.10,30.90,30.90,110026,30.90
2014-05-09,31.05,31.20,30.80,30.80,68600,30.80
2014-05-12,30.60,31.10,30.60,31.00,45848,31.00
2014-05-13,31.00,31.25,30.85,30.85,42802,30.85
2014-05-14,30.30,31.20,30.30,30.85,69848,30.85
2014-05-15,31.00,31.20,30.85,30.85,30050,30.85
2014-05-16,30.60,30.95,30.60,30.85,93150,30.85
2014-05-19,31.00,31.20,30.85,30.85,55202,30.85
2014-05-20,31.00,31.10,30.90,30.90,42033,30.90
2014-05-21,31.10,31.10,30.75,30.75,49250,30.75
2014-05-22,30.80,31.15,30.80,31.10,80202,31.10
2014-05-23,31.15,31.20,31.00,31.00,50404,31.00
2014-05-26,31.15,31.25,30.20,30.80,301457,30.80
2014-05-27,30.70,30.85,30.60,30.65,99050,30.65
2014-05-28,30.85,31.30,30.85,31.25,143235,31.25
2014-05-29,31.80,31.95,31.30,31.90,283047,31.90
2014-05-30,32.00,34.10,32.00,34.10,592813,34.10
2014-06-03,36.45,36.45,35.70,36.45,2013259,36.45
2014-06-04,37.70,39.00,36.95,39.00,2378926,39.00
2014-06-05,40.00,41.00,39.00,39.95,1709534,39.95
2014-06-06,40.00,40.60,37.25,38.10,1473812,38.10
2014-06-09,38.20,39.20,37.45,39.00,1024238,39.00
2014-06-10,39.20,39.60,37.70,38.10,783710,38.10
2014-06-11,38.15,38.15,37.05,37.40,596600,37.40
2014-06-12,37.40,38.50,36.80,37.25,969506,37.25
2014-06-13,37.25,38.25,37.25,37.65,412513,37.65
2014-06-16,38.05,38.05,37.15,37.30,310917,37.30
2014-06-17,37.30,37.90,37.30,37.65,353000,37.65
2014-06-18,37.80,38.15,36.50,38.05,924708,38.05
2014-06-19,38.40,38.65,37.50,37.85,495336,37.85
2014-06-20,38.30,38.30,36.80,36.90,297450,36.90
2014-06-23,36.75,37.00,34.90,35.55,571686,35.55
2014-06-24,35.00,36.20,35.00,36.10,309617,36.10
2014-06-25,36.10,36.40,35.60,35.70,208800,35.70
2014-06-26,35.70,35.90,35.20,35.40,298010,35.40
2014-06-27,35.20,36.20,35.20,35.20,209735,35.20
2014-06-30,35.30,35.85,35.30,35.65,106221,35.65
2014-07-01,36.20,37.25,35.65,37.25,454473,37.25
2014-07-02,37.70,37.80,35.55,35.80,522002,35.80
2014-07-03,35.50,36.30,35.50,36.10,255728,36.10
2014-07-04,36.20,36.30,35.60,35.80,182502,35.80
2014-07-07,35.80,35.80,34.95,35.30,177856,35.30
2014-07-08,35.30,35.40,35.05,35.20,207119,35.20
2014-07-09,35.20,37.00,35.15,36.05,285200,36.05
2014-07-10,35.70,36.05,35.55,35.80,160100,35.80
2014-07-11,35.80,36.70,35.10,35.20,521585,35.20
2014-07-14,35.20,35.60,35.20,35.60,85250,35.60
2014-07-15,35.60,36.45,35.35,36.05,134000,36.05
2014-07-16,36.20,36.40,35.45,35.65,122020,35.65
2014-07-17,35.60,35.90,35.50,35.60,157049,35.60
2014-07-18,35.60,36.80,35.60,36.50,268250,36.50
2014-07-21,37.20,37.20,36.35,36.50,202000,36.50
2014-07-22,37.20,38.15,36.55,37.95,536782,37.95
2014-07-24,37.95,39.40,37.75,38.40,630923,38.40
2014-07-25,38.00,38.00,37.20,37.20,346989,37.20
2014-07-28,36.60,38.95,35.80,38.50,601152,38.50
2014-07-29,38.50,39.00,37.60,38.30,620343,38.30
2014-07-30,38.30,38.70,37.90,38.30,270252,38.30
2014-07-31,38.50,38.60,37.80,38.10,255280,38.10
2014-08-01,36.80,37.95,36.80,37.10,219200,37.10
2014-08-04,37.10,37.40,37.00,37.05,93170,37.05
2014-08-05,37.15,37.15,36.25,36.25,226508,36.25
2014-08-06,36.10,36.15,34.60,34.60,363498,34.60
2014-08-07,34.60,37.00,34.60,37.00,434187,37.00
2014-08-08,34.70,36.50,34.70,35.85,196950,35.85
2014-08-11,35.90,36.20,35.85,36.00,84050,36.00
2014-08-12,36.00,36.10,35.20,35.70,113162,35.70
2014-08-13,36.00,36.00,35.20,35.55,58119,35.55
2014-08-14,35.30,35.65,34.95,35.00,159702,35.00
2014-08-15,35.00,35.70,34.95,35.25,144514,35.25
2014-08-18,35.25,35.25,32.85,32.85,265262,32.85
2014-08-19,32.85,34.85,32.85,34.30,165050,34.30
2014-08-20,34.30,34.50,33.90,34.20,67252,34.20
2014-08-21,34.00,34.00,32.30,33.00,144302,33.00
2014-08-22,33.50,35.30,33.15,35.30,323998,35.30
2014-08-25,37.00,37.00,34.75,35.05,310055,35.05
2014-08-26,35.05,35.70,34.30,35.40,156202,35.40
2014-08-27,35.95,36.95,35.40,36.60,398306,36.60
2014-08-28,36.50,36.85,36.30,36.30,60694,36.30
2014-08-29,36.25,37.20,36.10,36.95,159606,36.95
2014-09-01,36.95,37.45,36.70,36.70,94172,36.70
2014-09-02,36.70,37.10,36.30,36.30,114202,36.30
2014-09-03,36.30,36.30,36.00,36.20,45000,36.20
2014-09-04,36.20,36.20,35.55,35.90,106828,35.90
2014-09-05,35.90,36.20,35.65,35.65,66300,35.65
2014-09-09,35.70,36.45,35.70,35.80,67000,35.80
2014-09-10,36.00,36.30,35.75,35.95,86076,35.95
2014-09-11,35.95,36.95,35.95,36.05,79500,36.05
2014-09-12,36.10,36.30,35.70,35.70,101861,35.70
2014-09-15,35.50,36.30,35.50,36.30,44152,36.30
2014-09-16,36.00,36.25,35.50,35.85,101250,35.85
2014-09-17,35.95,37.20,34.60,35.70,485200,35.70
2014-09-18,35.50,36.20,35.35,35.90,86000,35.90
2014-09-19,36.70,36.70,35.70,35.90,88000,35.90
2014-09-22,35.90,36.00,35.20,35.40,117896,35.40
2014-09-23,35.05,35.70,35.05,35.70,73658,35.70
2014-09-24,35.70,36.60,35.70,36.60,240000,36.60
2014-09-25,36.95,36.95,35.50,35.50,216202,35.50
2014-09-26,34.50,36.25,34.35,35.35,99075,35.35
2014-09-29,35.40,36.00,35.40,35.60,39000,35.60
2014-09-30,35.60,37.00,35.60,36.90,327252,36.90
2014-10-01,36.90,38.00,36.50,37.00,218000,37.00
2014-10-02,36.55,37.50,36.35,37.30,114800,37.30
2014-10-03,37.40,37.95,36.85,36.90,177000,36.90
2014-10-06,38.55,38.55,37.55,37.70,210000,37.70
2014-10-07,37.70,37.70,36.10,36.40,166074,36.40
2014-10-08,36.20,36.45,36.20,36.25,88235,36.25
2014-10-09,36.25,36.25,35.50,35.75,136200,35.75
2014-10-13,35.30,36.45,33.40,33.50,211011,33.50
2014-10-14,33.40,34.30,33.40,33.50,293152,33.50
2014-10-15,33.60,33.60,31.30,31.80,537250,31.80
2014-10-16,31.65,32.30,30.40,31.80,182050,31.80
2014-10-17,31.80,31.80,30.70,30.80,269213,30.80
2014-10-20,30.80,31.30,30.80,31.00,276000,31.00
2014-10-21,31.00,31.05,30.40,30.85,154000,30.85
2014-10-22,31.80,31.80,30.80,30.80,217000,30.80
2014-10-23,30.75,30.90,30.10,30.80,200100,30.80
2014-10-24,30.90,30.90,29.95,30.15,357500,30.15
2014-10-27,30.15,30.15,29.00,29.40,411515,29.40
2014-10-28,29.80,30.40,29.80,30.30,142050,30.30
2014-10-29,30.70,31.05,30.50,31.05,99000,31.05
2014-10-30,31.05,31.20,30.60,30.70,90000,30.70
2014-10-31,31.20,31.20,30.70,31.00,68202,31.00
2014-11-03,30.50,31.10,30.45,30.90,209075,30.90
2014-11-04,31.00,31.00,30.25,30.40,109000,30.40
2014-11-05,30.40,30.85,30.40,30.55,79031,30.55
2014-11-06,30.80,30.85,30.30,30.30,72350,30.30
2014-11-07,30.30,30.50,30.30,30.50,52100,30.50
2014-11-10,30.90,31.00,30.55,30.65,42606,30.65
2014-11-11,30.80,31.45,30.80,31.20,118050,31.20
2014-11-12,31.50,32.00,30.90,30.90,151000,30.90
2014-11-13,31.00,31.65,31.00,31.00,67798,31.00
2014-11-14,31.50,31.50,31.00,31.05,77000,31.05
2014-11-17,31.15,31.15,30.30,30.40,83049,30.40
2014-11-18,30.40,30.50,29.70,29.75,129022,29.75
2014-11-19,30.00,30.05,29.85,29.85,179732,29.85
2014-11-20,29.85,30.45,29.85,30.45,126160,30.45
2014-11-21,30.45,30.80,30.45,30.75,78000,30.75
2014-11-24,31.45,31.45,30.65,30.80,40195,30.80
2014-11-25,30.25,30.80,30.20,30.65,41000,30.65
2014-11-26,30.30,30.55,30.30,30.55,44032,30.55
2014-11-27,30.20,30.80,30.20,30.35,83000,30.35
2014-11-28,30.10,30.75,30.10,30.75,65404,30.75
2014-12-01,30.75,32.70,30.75,31.70,263000,31.70
2014-12-02,32.00,32.00,31.00,31.25,156004,31.25
2014-12-03,31.50,32.15,31.50,32.10,207000,32.10
2014-12-04,32.20,32.50,32.20,32.25,260294,32.25
2014-12-05,32.35,33.60,32.25,33.40,390396,33.40
2014-12-08,35.70,35.70,35.70,35.70,226248,35.70
2014-12-09,38.15,38.15,36.80,37.20,1550500,37.20
2014-12-10,37.60,37.65,36.30,36.80,523809,36.80
2014-12-11,36.55,37.60,36.55,37.20,477023,37.20
2014-12-12,37.20,38.20,37.20,38.10,862122,38.10
2014-12-15,38.80,39.40,38.15,38.85,1144171,38.85
2014-12-16,38.80,41.55,38.80,41.55,2004513,41.55
2014-12-17,42.65,43.90,41.30,43.80,2344518,43.80
2014-12-18,43.80,44.60,42.60,43.00,1246349,43.00
2014-12-19,44.20,44.30,40.70,40.95,1460810,40.95
2014-12-22,43.80,43.80,43.80,43.80,524719,43.80
2014-12-23,46.85,46.85,46.80,46.85,1226532,46.85
2014-12-24,48.95,50.10,47.00,50.10,2151045,50.10
2014-12-25,50.20,53.60,50.20,52.00,2664679,52.00
2014-12-26,52.30,55.60,51.20,55.60,2801836,55.60
2014-12-27,55.60,57.50,54.00,56.90,1595726,56.90
2014-12-29,58.00,58.00,53.00,53.40,2535490,53.40
2014-12-30,53.10,55.10,52.20,54.70,1663105,54.70
2014-12-31,53.80,54.60,53.00,53.00,979726,53.00
2015-01-05,53.00,55.90,53.00,54.30,1355916,54.30
2015-01-06,52.20,54.60,52.20,53.30,679090,53.30
2015-01-07,54.00,57.00,51.80,57.00,1606835,57.00
2015-01-08,58.50,60.90,58.30,60.90,2159993,60.90
2015-01-09,62.00,62.80,59.30,60.10,1697075,60.10
2015-01-12,60.50,61.00,57.50,59.00,935910,59.00
2015-01-13,58.00,60.00,57.60,58.50,656826,58.50
2015-01-14,58.00,58.40,54.60,55.40,1253327,55.40
2015-01-15,54.80,55.80,53.60,53.80,1418662,53.80
2015-01-16,54.90,55.20,52.10,53.30,971699,53.30
2015-01-19,54.00,54.50,52.60,53.50,534352,53.50
2015-01-20,54.00,57.20,53.00,57.20,1263078,57.20
2015-01-21,58.50,58.80,56.10,56.10,1660127,56.10
2015-01-22,57.30,57.50,55.40,55.50,721594,55.50
2015-01-23,56.40,56.70,54.40,54.50,510148,54.50
2015-01-26,55.50,55.50,53.30,54.50,533214,54.50
2015-01-27,54.60,56.90,54.00,54.50,717000,54.50
2015-01-28,54.50,55.30,53.80,53.90,363500,53.90
2015-01-29,53.70,54.20,53.30,53.50,415610,53.50
2015-01-30,53.60,56.50,53.60,55.30,1143150,55.30
2015-02-02,56.60,58.00,55.60,57.50,1586768,57.50
2015-02-03,58.70,61.10,57.80,61.10,2160484,61.10
2015-02-04,63.10,65.30,61.50,65.30,2584915,65.30
2015-02-05,65.30,68.00,63.30,64.80,2085143,64.80
2015-02-06,65.30,65.70,63.00,63.30,1057918,63.30
2015-02-09,63.30,64.40,59.00,59.50,1494724,59.50
2015-02-10,60.00,61.80,59.30,60.20,1107413,60.20
2015-02-11,60.80,61.80,60.40,61.20,521569,61.20
2015-02-12,61.90,62.30,60.00,61.00,568245,61.00
2015-02-13,62.00,65.20,61.80,65.20,2318405,65.20
2015-02-24,67.90,69.70,66.20,69.70,1618983,69.70
2015-02-25,70.50,74.00,68.10,68.50,2836707,68.50
2015-02-26,68.00,70.30,66.00,69.20,1337980,69.20
2015-03-02,69.20,69.20,67.20,68.70,1014366,68.70
2015-03-03,68.60,68.70,66.10,67.00,1119753,67.00
2015-03-04,65.00,67.00,65.00,65.80,918214,65.80
2015-03-05,66.30,70.40,66.10,70.40,2828104,70.40
2015-03-06,69.50,70.50,68.00,69.10,1360100,69.10
2015-03-09,68.50,69.70,68.10,68.50,741409,68.50
2015-03-10,69.00,69.40,66.30,66.70,866421,66.70
2015-03-11,64.60,66.60,64.60,66.00,855150,66.00
2015-03-12,67.30,67.30,65.00,65.20,860117,65.20
2015-03-13,65.50,66.20,65.00,65.20,627486,65.20
2015-03-16,65.00,65.00,63.00,63.30,776593,63.30
2015-03-17,65.30,65.40,64.00,64.20,640460,64.20
2015-03-18,64.20,64.90,63.30,63.50,428870,63.50
2015-03-19,63.80,64.60,63.70,64.00,352152,64.00
2015-03-20,59.60,62.90,59.60,59.90,1571988,59.90
2015-03-23,59.90,61.40,59.80,60.60,742824,60.60
2015-03-24,61.30,61.40,58.90,60.70,1009515,60.70
2015-03-25,60.70,61.00,59.40,59.40,398721,59.40
2015-03-26,56.60,59.80,56.60,58.40,715050,58.40
2015-03-27,58.40,61.80,58.40,60.40,803793,60.40
2015-03-30,60.20,60.40,58.50,58.80,441991,58.80
2015-03-31,59.20,60.00,59.10,59.50,340100,59.50
2015-04-01,58.90,58.90,57.80,57.80,338997,57.80
2015-04-02,57.80,59.30,56.10,56.40,647876,56.40
2015-04-07,56.40,57.10,53.50,54.10,807120,54.10
2015-04-08,54.10,54.90,53.50,54.40,533372,54.40
2015-04-09,54.40,54.50,50.60,50.60,1311854,50.60
2015-04-10,47.25,49.70,47.25,49.00,1206653,49.00
2015-04-13,49.00,50.50,48.60,49.60,513250,49.60
2015-04-14,49.40,50.40,47.40,48.60,704152,48.60
2015-04-15,48.60,48.95,47.60,47.60,543400,47.60
2015-04-16,48.70,48.70,47.60,47.65,373202,47.65
2015-04-17,47.20,47.20,45.20,46.05,716600,46.05
2015-04-20,46.05,46.25,43.75,44.15,720059,44.15
2015-04-21,44.90,45.95,44.50,44.60,476202,44.60
2015-04-22,45.50,45.75,45.00,45.40,341185,45.40
2015-04-23,46.40,46.40,45.45,45.60,331236,45.60
2015-04-24,45.60,48.75,45.60,48.75,843398,48.75
2015-04-27,49.90,52.10,49.10,52.10,1716281,52.10
2015-04-28,52.30,55.70,52.30,55.70,2141294,55.70
2015-04-29,57.20,57.70,52.30,56.10,1810092,56.10
2015-04-30,56.60,57.70,55.10,55.60,970405,55.60
2015-05-04,57.20,57.20,52.80,53.60,672249,53.60
2015-05-05,53.60,54.30,50.60,50.80,938465,50.80
2015-05-06,50.20,54.30,49.50,54.30,1020867,54.30
2015-05-07,54.60,55.60,53.00,53.70,967069,53.70
2015-05-08,54.40,54.80,53.20,53.90,384400,53.90
2015-05-11,54.10,54.90,51.70,52.80,344354,52.80
2015-05-12,53.00,54.30,52.90,53.50,317746,53.50
2015-05-13,54.30,55.00,53.30,53.60,285000,53.60
2015-05-14,53.60,53.60,52.70,53.10,179645,53.10
2015-05-15,54.00,54.00,52.00,52.00,312090,52.00
2015-05-18,52.50,52.60,49.70,50.00,450037,50.00
2015-05-19,50.00,51.00,47.65,48.80,706566,48.80
2015-05-20,47.30,49.60,47.30,48.65,527166,48.65
2015-05-21,47.50,48.25,47.50,47.70,352008,47.70
2015-05-22,48.20,51.00,47.60,51.00,798939,51.00
2015-05-25,50.40,50.40,48.10,49.20,689252,49.20
2015-05-26,49.80,49.80,48.50,48.70,224809,48.70
2015-05-27,49.00,49.00,47.80,48.35,229100,48.35
2015-05-28,48.50,50.50,48.50,50.20,594333,50.20
2015-05-29,50.20,50.20,48.70,48.70,306091,48.70
2015-06-01,48.70,49.60,48.20,48.60,175041,48.60
2015-06-02,47.00,49.05,47.00,48.05,221520,48.05
2015-06-03,48.10,48.70,47.00,47.00,284050,47.00
2015-06-04,47.00,47.40,45.00,45.05,435109,45.05
2015-06-05,45.05,45.95,42.65,42.70,668390,42.70
2015-06-08,42.70,44.70,41.50,43.95,405050,43.95
2015-06-09,43.00,43.50,39.70,40.00,496940,40.00
2015-06-10,40.00,41.60,40.00,40.65,224500,40.65
2015-06-11,40.85,41.50,39.50,39.80,493216,39.80
2015-06-12,37.80,40.40,37.80,38.85,370000,38.85
2015-06-15,39.00,40.40,39.00,40.10,216202,40.10
2015-06-16,40.10,40.60,37.85,40.00,399649,40.00
2015-06-17,40.00,40.00,38.60,39.30,467404,39.30
2015-06-18,39.30,40.10,38.90,40.10,252794,40.10
2015-06-22,41.60,41.60,39.55,40.60,570209,40.60
2015-06-23,41.40,41.40,39.70,40.10,254100,40.10
2015-06-24,40.00,40.15,39.35,39.35,203000,39.35
2015-06-25,39.65,40.55,39.65,40.10,230163,40.10
2015-06-26,40.50,40.50,39.45,39.60,246596,39.60
2015-06-29,39.30,39.90,37.80,37.90,272002,37.90
2015-06-30,37.20,39.05,37.20,38.30,179000,38.30
2015-07-01,38.30,40.80,38.20,40.70,242000,40.70
2015-07-02,41.00,41.60,40.00,40.60,319000,40.60
2015-07-03,40.00,40.70,39.20,40.10,288000,40.10
2015-07-06,40.00,40.00,38.30,38.45,328540,38.45
2015-07-07,39.10,39.35,38.30,38.50,190500,38.50
2015-07-08,38.10,38.40,36.10,36.50,281200,36.50
2015-07-09,34.60,38.80,33.75,37.30,361264,37.30
2015-07-13,37.70,38.35,37.30,37.30,324450,37.30
2015-07-14,38.40,38.80,36.80,36.85,225317,36.85
2015-07-15,36.85,36.85,35.50,35.65,271000,35.65
2015-07-16,36.00,36.35,35.55,35.85,128000,35.85
2015-07-17,35.80,36.45,34.90,34.95,288001,34.95
2015-07-20,35.00,35.45,34.30,34.50,101050,34.50
2015-07-21,35.15,35.15,33.75,33.75,191145,33.75
2015-07-22,34.00,35.20,33.90,34.30,222911,34.30
2015-07-23,34.10,34.20,32.60,33.65,322500,33.65
2015-07-24,33.60,33.60,32.55,32.90,165505,32.90
2015-07-27,32.60,32.90,31.30,31.80,263042,31.80
2015-07-28,32.40,32.90,31.85,32.65,240000,32.65
2015-07-29,32.80,33.25,32.25,32.40,158000,32.40
2015-07-30,32.70,33.25,32.40,32.80,91676,32.80
2015-07-31,33.20,33.20,31.60,31.60,153287,31.60
2015-08-03,31.60,31.60,29.90,30.30,204055,30.30
2015-08-04,30.50,31.25,30.10,30.20,235000,30.20
2015-08-05,30.20,30.95,30.20,30.70,107091,30.70
2015-08-06,30.70,31.75,30.20,30.55,95074,30.55
2015-08-07,30.05,30.60,30.05,30.30,74202,30.30
2015-08-10,30.30,30.95,30.10,30.95,86000,30.95
2015-08-11,30.95,31.10,29.85,29.85,401000,29.85
2015-08-12,30.00,30.60,29.55,30.25,169300,30.25
2015-08-13,30.80,30.80,29.85,30.25,128072,30.25
2015-08-14,30.45,30.70,30.15,30.20,116010,30.20
2015-08-17,31.40,31.40,30.15,30.20,148000,30.20
2015-08-18,30.50,30.50,29.70,30.10,158203,30.10
2015-08-19,29.70,30.15,28.10,28.20,403500,28.20
2015-08-20,28.00,28.75,27.90,28.25,227240,28.25
2015-08-21,28.25,28.25,27.30,27.35,214113,27.35
2015-08-24,26.35,27.30,24.65,24.65,668050,24.65
2015-08-25,24.65,26.00,24.65,25.95,334744,25.95
2015-08-26,25.75,25.80,24.80,25.80,284000,25.80
2015-08-27,25.80,26.60,25.80,26.20,338200,26.20
2015-08-28,26.60,28.80,26.50,28.80,509126,28.80
2015-08-31,29.45,31.65,29.10,31.65,748182,31.65
2015-09-01,32.00,34.40,32.00,32.90,1100000,32.90
2015-09-02,32.00,32.10,31.30,32.10,488182,32.10
2015-09-03,33.50,33.50,31.60,32.30,291000,32.30
2015-09-04,32.00,33.00,31.50,31.50,301100,31.50
2015-09-07,31.05,31.40,30.30,30.70,340706,30.70
2015-09-08,30.80,31.75,30.70,31.15,131201,31.15
2015-09-09,32.00,32.90,31.80,32.50,402000,32.50
2015-09-10,32.10,32.20,31.60,32.05,143323,32.05
2015-09-11,32.10,32.20,31.70,31.85,286000,31.85
2015-09-14,31.85,32.40,30.95,31.05,341299,31.05
2015-09-15,31.30,31.50,30.95,31.10,152000,31.10
2015-09-16,31.25,31.70,31.15,31.15,180000,31.15
2015-09-17,31.90,34.25,31.60,34.25,892410,34.25
2015-09-18,35.00,37.65,35.00,37.45,2253000,37.45
2015-09-21,35.80,39.70,35.40,39.00,1533780,39.00
2015-09-22,38.80,40.30,38.10,38.40,1210670,38.40
2015-09-23,38.40,38.80,37.45,37.45,926551,37.45
2015-09-24,38.00,39.40,37.15,37.90,939464,37.90
2015-09-25,38.30,38.30,36.30,37.40,600500,37.40
2015-09-30,37.40,37.55,36.05,37.00,481000,37.00
2015-10-01,37.40,38.00,36.50,37.60,496120,37.60
2015-10-02,38.00,38.00,36.80,37.20,341000,37.20
2015-10-05,38.30,38.40,37.50,37.95,517869,37.95
2015-10-06,38.50,38.50,37.25,37.30,400236,37.30
2015-10-07,37.90,37.90,37.20,37.40,256194,37.40
2015-10-08,37.90,37.95,36.70,36.95,281000,36.95
2015-10-12,36.50,37.80,36.35,37.40,265352,37.40
2015-10-13,37.80,37.80,37.05,37.30,181200,37.30
2015-10-14,37.85,41.00,37.65,41.00,2045099,41.00
2015-10-15,41.00,41.50,38.95,39.95,1470200,39.95
2015-10-16,39.75,40.50,39.00,39.40,597203,39.40
2015-10-19,40.50,40.50,38.85,39.80,600100,39.80
2015-10-20,42.00,43.75,42.00,43.05,1663002,43.05
2015-10-21,43.50,43.50,41.20,42.50,1096283,42.50
2015-10-22,42.50,42.55,41.50,41.50,588120,41.50
2015-10-23,41.95,42.45,41.50,41.50,716250,41.50
2015-10-26,42.10,42.20,41.50,41.65,283100,41.65
2015-10-27,41.95,43.35,41.80,41.90,538202,41.90
2015-10-28,42.00,42.20,40.90,40.90,568602,40.90
2015-10-29,41.00,41.40,40.00,40.05,561003,40.05
2015-10-30,40.30,40.30,39.00,39.25,299010,39.25
2015-11-02,39.65,40.50,38.35,39.75,371000,39.75
2015-11-03,40.55,40.55,39.75,39.75,333000,39.75
2015-11-04,40.45,41.10,39.85,40.00,370404,40.00
2015-11-05,40.80,40.80,40.05,40.40,221350,40.40
2015-11-06,40.10,40.25,39.05,39.05,426113,39.05
2015-11-09,39.10,39.50,38.00,38.10,370194,38.10
2015-11-10,37.70,38.50,37.30,37.65,201404,37.65
2015-11-11,37.70,38.35,36.50,36.60,295313,36.60
2015-11-12,36.45,38.10,36.20,37.50,339477,37.50
2015-11-13,37.15,37.70,36.55,36.80,241012,36.80
2015-11-16,36.60,37.05,36.10,36.75,157304,36.75
2015-11-17,37.60,38.10,37.20,37.80,182500,37.80
2015-11-18,39.50,39.50,37.65,37.70,243397,37.70
2015-11-19,38.10,38.50,37.50,38.50,165000,38.50
2015-11-20,38.20,38.20,37.55,37.65,218010,37.65
2015-11-23,38.40,38.40,37.55,37.80,281000,37.80
2015-11-24,37.90,37.90,36.50,36.50,258374,36.50
2015-11-25,36.60,37.15,36.10,36.20,169100,36.20
2015-11-26,36.30,37.80,36.20,37.25,232001,37.25
2015-11-27,37.20,37.50,36.75,36.75,107192,36.75
2015-11-30,36.50,39.95,36.20,38.30,580100,38.30
2015-12-01,38.30,39.70,38.30,39.30,569352,39.30
2015-12-02,39.30,39.45,38.35,39.20,309050,39.20
2015-12-03,39.20,41.80,38.65,40.40,1165003,40.40
2015-12-04,39.95,40.25,39.60,40.25,513050,40.25
2015-12-07,41.00,41.30,39.65,40.10,363000,40.10
2015-12-08,39.50,39.50,38.00,38.50,690050,38.50
2015-12-09,38.45,38.50,36.50,36.85,430000,36.85
2015-12-10,37.10,37.10,35.75,36.35,340000,36.35
2015-12-11,37.00,37.00,34.50,35.50,261000,35.50
2015-12-14,33.40,35.45,33.40,34.70,168558,34.70
2015-12-15,35.00,36.80,35.00,36.00,241404,36.00
2015-12-16,36.90,36.90,35.60,36.20,87000,36.20
2015-12-17,36.50,37.40,36.50,36.60,227504,36.60
2015-12-18,36.70,37.25,36.05,37.05,149000,37.05
2015-12-21,35.70,37.40,35.70,37.20,158000,37.20
2015-12-22,37.25,37.60,36.50,36.75,58208,36.75
2015-12-23,36.95,37.20,36.60,36.75,107007,36.75
2015-12-24,37.15,37.50,36.10,36.50,131202,36.50
2015-12-25,36.40,36.70,36.00,36.20,125202,36.20
2015-12-28,36.45,36.60,35.90,35.90,163000,35.90
2015-12-29,35.50,35.75,35.20,35.20,125752,35.20
2015-12-30,35.45,35.70,34.50,34.80,149029,34.80
2015-12-31,35.00,35.35,34.75,35.00,73000,35.00
2016-01-04,34.60,34.60,34.05,34.05,158030,34.05
2016-01-05,33.85,34.65,33.85,33.95,120000,33.95
2016-01-06,33.95,34.40,32.20,33.30,181500,33.30
2016-01-07,33.00,33.00,31.50,31.85,271003,31.85
2016-01-08,31.85,33.20,31.80,33.20,156228,33.20
2016-01-11,32.00,32.35,31.35,31.80,142000,31.80
2016-01-12,32.05,32.55,31.65,31.75,198454,31.75
2016-01-13,31.75,32.50,31.10,31.35,224202,31.35
2016-01-14,31.10,31.10,30.10,30.50,120050,30.50
2016-01-15,30.95,31.00,30.50,30.50,140000,30.50
2016-01-18,28.90,31.30,28.90,31.15,253000,31.15
2016-01-19,31.75,31.75,30.60,31.50,186000,31.50
2016-01-20,31.20,31.20,30.50,30.55,166003,30.55
2016-01-21,30.40,30.95,30.40,30.60,82000,30.60
2016-01-22,30.80,31.05,30.70,30.80,59000,30.80
2016-01-25,31.00,31.60,31.00,31.20,79000,31.20
2016-01-26,30.80,31.30,30.80,30.80,53000,30.80
2016-01-27,30.90,31.50,30.50,30.80,77302,30.80
2016-01-28,30.50,31.35,30.45,31.00,91000,31.00
2016-01-29,31.65,32.35,31.00,31.90,91300,31.90
2016-01-30,32.40,33.00,31.90,32.50,142202,32.50
2016-02-01,32.90,32.90,32.10,32.15,71200,32.15
2016-02-02,32.40,32.40,31.60,31.85,73000,31.85
2016-02-03,31.55,31.65,31.30,31.50,48000,31.50
2016-02-15,31.00,32.90,31.00,32.90,168595,32.90
2016-02-16,34.50,36.15,34.40,35.40,564004,35.40
2016-02-17,35.00,35.90,34.60,35.45,401000,35.45
2016-02-18,37.00,38.35,36.40,36.60,588067,36.60
2016-02-19,36.65,37.60,36.60,36.65,467497,36.65
2016-02-22,37.90,37.90,36.40,37.05,337007,37.05
2016-02-23,37.20,37.25,36.65,36.90,197050,36.90
2016-02-24,36.40,36.80,36.15,36.45,216203,36.45
2016-02-25,36.50,36.90,36.25,36.35,164000,36.35
2016-02-26,36.80,36.80,36.30,36.35,188000,36.35
2016-03-01,36.50,36.90,36.50,36.70,160500,36.70
2016-03-02,36.90,37.30,36.80,36.80,145251,36.80
2016-03-03,36.85,37.10,36.35,36.45,214000,36.45
2016-03-04,36.45,37.25,36.45,36.90,204250,36.90
2016-03-07,37.40,38.40,37.10,38.00,707100,38.00
2016-03-08,37.95,37.95,37.20,37.60,367372,37.60
2016-03-09,38.10,38.80,37.75,37.75,268050,37.75
2016-03-10,37.90,37.90,37.05,37.25,255144,37.25
2016-03-11,36.80,36.90,36.15,36.45,294502,36.45
2016-03-14,36.80,36.80,36.35,36.40,223003,36.40
2016-03-15,36.40,36.40,35.10,35.35,258053,35.35
2016-03-16,35.35,35.90,35.30,35.60,182129,35.60
2016-03-17,35.60,36.00,34.80,34.85,271264,34.85
2016-03-18,34.90,35.00,34.20,34.75,222575,34.75
2016-03-21,35.00,35.15,34.40,35.00,98000,35.00
2016-03-22,35.00,35.00,34.45,34.55,156256,34.55
2016-03-23,34.40,35.35,34.40,34.85,94554,34.85
2016-03-24,34.85,34.85,34.40,34.40,107003,34.40
2016-03-25,34.35,34.35,34.20,34.30,101606,34.30
2016-03-28,34.40,35.20,34.30,34.30,122202,34.30
2016-03-29,31.50,33.65,31.50,32.80,229475,32.80
2016-03-30,32.60,33.35,32.55,33.05,155200,33.05
2016-03-31,33.50,33.50,32.80,32.90,61075,32.90
2016-04-01,32.90,33.20,32.50,33.20,116202,33.20
2016-04-06,33.00,33.50,32.50,33.50,38835,33.50
2016-04-07,33.50,33.55,32.20,32.55,117083,32.55
2016-04-08,32.00,32.45,31.75,31.95,255000,31.95
2016-04-11,32.05,32.50,31.80,32.40,133202,32.40
2016-04-12,31.80,32.40,31.60,31.70,117737,31.70
2016-04-13,31.70,32.30,31.40,32.15,160703,32.15
2016-04-14,32.50,33.00,32.25,32.25,89003,32.25
2016-04-15,32.30,33.45,32.30,32.70,172000,32.70
2016-04-18,34.60,34.60,33.60,33.70,579166,33.70
2016-04-19,33.95,34.00,32.70,32.75,283050,32.75
2016-04-20,32.50,33.25,31.50,31.80,254003,31.80
2016-04-21,32.05,32.50,31.50,32.00,133809,32.00
2016-04-22,32.20,32.20,31.50,31.55,124430,31.55
2016-04-25,31.55,31.80,31.30,31.60,51000,31.60
2016-04-26,31.55,32.00,31.35,32.00,138129,32.00
2016-04-27,32.85,32.85,31.80,31.80,67202,31.80
2016-04-28,31.80,31.80,31.35,31.35,76152,31.35
2016-04-29,31.00,31.20,31.00,31.15,114100,31.15
2016-05-03,31.20,31.30,30.75,30.95,105000,30.95
2016-05-04,30.75,30.85,29.85,30.10,220001,30.10
2016-05-05,30.10,30.85,30.10,30.30,71192,30.30
2016-05-06,30.90,30.90,29.80,30.00,167000,30.00
2016-05-09,30.50,30.50,29.80,29.80,164001,29.80
2016-05-10,29.90,30.20,29.80,30.10,95948,30.10
2016-05-11,29.80,30.10,29.55,29.55,168000,29.55
2016-05-12,29.55,29.95,29.30,29.30,120000,29.30
2016-05-13,29.00,29.40,28.80,28.85,134100,28.85
2016-05-16,29.15,30.00,29.05,29.15,127000,29.15
2016-05-17,29.20,29.95,29.20,29.60,81011,29.60
2016-05-18,29.30,29.60,29.05,29.30,84554,29.30
2016-05-19,29.35,29.50,28.85,28.85,148000,28.85
2016-05-20,29.00,29.50,29.00,29.05,132000,29.05
2016-05-23,29.80,31.00,29.25,30.35,173500,30.35
2016-05-24,30.05,30.80,30.05,30.60,75000,30.60
2016-05-25,30.60,30.80,30.60,30.65,80356,30.65
2016-05-26,31.00,31.60,31.00,31.50,218050,31.50
2016-05-27,31.50,31.50,30.80,30.95,134000,30.95
2016-05-30,30.95,31.25,30.70,30.95,107002,30.95
2016-05-31,31.15,31.40,30.45,30.70,267203,30.70
2016-06-01,30.70,31.30,30.70,31.20,99000,31.20
2016-06-02,31.00,31.05,30.45,30.55,131000,30.55
2016-06-03,30.30,30.85,30.25,30.40,107000,30.40
2016-06-04,30.40,30.50,30.25,30.50,16000,30.50
2016-06-06,30.40,30.70,30.15,30.60,73000,30.60
2016-06-07,30.65,31.15,30.60,30.95,78404,30.95
2016-06-08,30.95,31.10,30.75,30.80,48000,30.80
2016-06-13,30.50,30.50,29.60,29.90,50000,29.90
2016-06-14,30.80,30.80,29.85,30.30,76212,30.30
2016-06-15,30.25,30.75,29.85,30.25,80000,30.25
2016-06-16,30.30,30.30,29.85,30.05,65000,30.05
2016-06-17,30.80,30.80,29.80,29.80,191163,29.80
2016-06-20,29.90,30.55,29.90,30.25,51000,30.25
2016-06-21,30.25,30.30,30.05,30.25,44202,30.25
2016-06-22,30.25,30.55,30.25,30.50,54202,30.50
2016-06-23,30.70,30.70,30.20,30.35,78644,30.35
2016-06-24,30.20,30.40,29.20,29.50,156250,29.50
2016-06-27,30.00,30.00,29.55,29.70,115000,29.70
2016-06-28,29.60,30.00,29.60,29.80,56000,29.80
2016-06-29,30.05,31.60,29.90,31.40,207000,31.40
2016-06-30,31.90,31.90,30.75,31.15,170067,31.15
2016-07-01,31.15,31.45,30.85,30.85,120100,30.85
2016-07-04,31.25,31.25,30.80,30.80,101202,30.80
2016-07-05,30.80,31.00,30.65,30.80,71202,30.80
2016-07-06,30.45,30.60,30.15,30.20,145555,30.20
2016-07-07,29.50,30.45,29.50,29.80,142404,29.80
2016-07-11,30.00,30.50,29.80,29.80,78000,29.80
2016-07-12,29.90,30.30,29.90,30.10,85000,30.10
2016-07-13,30.60,30.60,29.75,30.05,138550,30.05
2016-07-14,30.10,30.20,30.00,30.10,48000,30.10
2016-07-15,30.10,30.70,30.10,30.45,149998,30.45
2016-07-18,30.45,30.80,30.45,30.55,151219,30.55
2016-07-19,30.85,30.85,30.05,30.25,198567,30.25
2016-07-20,30.50,30.50,29.90,30.10,170045,30.10
2016-07-21,30.50,30.50,30.15,30.40,148550,30.40
2016-07-22,30.60,30.60,30.10,30.30,126902,30.30
2016-07-25,30.65,31.00,30.40,30.80,307456,30.80
2016-07-26,30.80,30.80,30.50,30.55,105202,30.55
2016-07-27,30.60,30.90,30.50,30.60,240001,30.60
2016-07-28,30.70,30.70,30.25,30.35,161003,30.35
2016-07-29,30.65,30.65,30.20,30.25,70959,30.25
2016-08-01,30.25,30.40,30.25,30.25,65100,30.25
2016-08-02,30.50,30.50,29.90,30.35,93398,30.35
2016-08-03,30.20,30.20,30.00,30.00,81137,30.00
2016-08-04,30.20,30.20,29.95,30.10,72785,30.10
2016-08-05,30.30,30.75,30.10,30.65,199212,30.65
2016-08-08,30.80,30.80,30.20,30.25,124606,30.25
2016-08-09,30.10,30.50,29.75,30.30,134056,30.30
2016-08-10,30.50,30.85,30.35,30.80,266218,30.80
2016-08-11,30.85,30.90,30.35,30.60,209050,30.60
2016-08-12,30.65,30.90,30.60,30.80,220299,30.80
2016-08-15,30.80,30.80,30.50,30.65,131001,30.65
2016-08-16,30.65,32.25,30.50,31.70,520253,31.70
2016-08-17,31.50,32.55,31.50,32.55,581323,32.55
2016-08-18,32.55,32.70,32.10,32.25,236000,32.25
2016-08-19,32.55,32.85,32.20,32.20,390712,32.20
2016-08-22,32.00,32.10,31.50,31.60,215000,31.60
2016-08-23,31.50,31.60,31.40,31.55,110002,31.55
2016-08-24,31.50,31.70,31.50,31.60,105048,31.60
2016-08-25,31.50,34.70,31.50,34.10,865579,34.10
2016-08-26,33.75,35.25,33.65,34.80,916788,34.80
2016-08-29,34.80,35.35,33.20,34.05,518382,34.05
2016-08-30,34.00,34.00,33.50,33.50,270502,33.50
2016-08-31,34.00,35.20,33.55,34.95,842028,34.95
2016-09-01,34.90,34.90,34.10,34.40,260006,34.40
2016-09-02,34.40,34.40,32.95,33.40,400180,33.40
2016-09-05,33.90,34.85,33.55,34.65,686362,34.65
2016-09-06,34.35,34.95,34.10,34.70,395050,34.70
2016-09-07,34.70,35.10,34.40,34.40,355167,34.40
2016-09-08,34.30,35.35,34.30,35.00,500450,35.00
2016-09-09,35.90,35.95,35.20,35.35,474202,35.35
2016-09-10,34.55,34.80,34.10,34.30,282002,34.30
2016-09-12,34.50,35.30,34.30,34.40,373240,34.40
2016-09-13,34.85,34.85,33.25,33.55,331000,33.55
2016-09-14,33.10,33.65,32.90,33.00,295750,33.00
2016-09-19,33.00,33.60,33.00,33.35,132300,33.35
2016-09-20,33.50,33.55,32.85,33.20,209304,33.20
2016-09-21,33.20,34.60,33.05,34.55,388100,34.55
2016-09-22,34.55,34.55,33.90,34.20,118067,34.20
2016-09-23,34.40,34.65,34.15,34.30,136000,34.30
2016-09-26,34.55,34.65,34.15,34.40,112000,34.40
2016-09-29,34.80,34.80,34.35,34.50,165030,34.50
2016-09-30,34.50,34.55,33.00,33.50,271632,33.50
2016-10-03,33.60,33.85,33.05,33.15,150202,33.15
2016-10-04,33.15,33.60,33.00,33.50,137007,33.50
2016-10-05,33.50,33.50,33.05,33.10,121402,33.10
2016-10-06,33.10,33.35,33.05,33.10,99000,33.10
2016-10-07,33.20,33.45,32.90,32.90,113274,32.90
2016-10-11,32.95,33.25,31.90,31.90,177002,31.90
2016-10-12,32.00,32.30,31.70,32.20,80040,32.20
2016-10-13,32.30,32.30,31.70,31.95,99044,31.95
2016-10-14,31.95,31.95,31.65,31.70,82603,31.70
2016-10-17,31.15,32.00,31.15,31.70,58076,31.70
2016-10-18,31.90,32.80,31.70,32.80,153100,32.80
2016-10-19,32.80,32.80,32.40,32.60,128000,32.60
2016-10-20,32.80,32.85,32.40,32.70,174250,32.70
2016-10-21,32.70,32.75,32.10,32.45,119033,32.45
2016-10-24,32.50,32.75,32.50,32.60,35030,32.60
2016-10-25,32.60,32.60,32.40,32.55,57000,32.55
2016-10-26,32.55,32.55,31.95,32.35,118000,32.35
2016-10-27,32.35,32.65,32.00,32.20,102200,32.20
2016-10-28,32.10,32.30,32.00,32.05,80000,32.05
2016-10-31,33.05,35.25,32.90,35.25,1507382,35.25
2016-11-01,35.30,38.75,34.55,38.75,2135566,38.75
2016-11-02,41.50,42.25,39.95,41.35,4358363,41.35
2016-11-03,40.10,41.35,39.05,39.70,1575217,39.70
2016-11-04,39.00,43.40,39.00,43.00,2611370,43.00
2016-11-07,42.40,42.55,38.70,39.50,2836200,39.50
2016-11-08,39.00,39.10,37.30,38.35,1410484,38.35
2016-11-09,38.75,38.75,34.55,34.65,1778460,34.65
2016-11-10,36.20,38.00,35.50,37.55,1253147,37.55
2016-11-11,36.80,39.45,35.50,38.40,1467350,38.40
2016-11-14,38.35,39.40,37.05,38.20,809510,38.20
2016-11-15,37.45,37.90,37.20,37.35,461250,37.35
2016-11-16,38.00,40.90,37.50,40.20,1787542,40.20
2016-11-17,40.00,41.10,39.20,40.50,1083497,40.50
2016-11-18,41.00,41.20,39.50,40.10,836340,40.10
2016-11-21,41.00,42.70,40.55,41.00,1407052,41.00
2016-11-22,42.00,42.80,41.25,42.45,1878328,42.45
2016-11-23,43.50,46.65,43.10,46.65,4804757,46.65
2016-11-24,46.50,51.30,45.60,48.30,7332270,48.30
2016-11-25,49.90,51.40,49.30,50.70,4484938,50.70
2016-11-28,50.20,51.70,48.45,49.10,2471511,49.10
2016-11-29,49.30,50.70,48.50,49.20,1133376,49.20
2016-11-30,49.80,52.10,49.50,51.60,2767009,51.60
2016-12-01,52.40,53.90,51.10,51.80,2049662,51.80
2016-12-02,51.20,52.50,49.75,52.20,1413588,52.20
2016-12-05,52.40,53.20,51.70,52.20,856530,52.20
2016-12-06,53.70,53.80,52.90,53.30,1035520,53.30
2016-12-07,53.70,54.00,51.40,53.30,1023468,53.30
2016-12-08,53.60,58.40,53.00,57.70,2826672,57.70
2016-12-09,57.00,60.60,56.30,59.00,2386087,59.00
2016-12-12,59.00,60.50,58.50,59.20,1158460,59.20
2016-12-13,59.20,59.90,56.10,57.00,1622907,57.00
2016-12-14,57.00,62.70,57.00,62.50,3701721,62.50
2016-12-15,61.90,66.00,61.20,63.50,4309240,63.50
2016-12-16,63.90,66.50,63.90,64.60,2544810,64.60
2016-12-19,64.60,66.80,61.60,62.50,2318004,62.50
2016-12-20,63.90,68.00,62.50,68.00,3274382,68.00
2016-12-21,68.00,68.60,66.00,66.00,2428301,66.00
2016-12-22,66.00,67.00,65.20,66.80,1270505,66.80
2016-12-23,66.80,68.60,66.10,66.50,1416011,66.50
2016-12-26,68.50,68.60,64.40,64.70,2105797,64.70
2016-12-27,65.20,65.30,59.30,59.60,3720101,59.60
2016-12-28,60.60,65.10,60.60,63.40,3329818,63.40
2016-12-29,63.00,64.60,61.90,63.70,1219702,63.70
2016-12-30,64.00,66.80,64.00,65.00,1476380,65.00
2017-01-03,64.80,65.40,64.00,65.30,698417,65.30
2017-01-04,65.60,69.00,65.40,65.40,2976761,65.40
2017-01-05,66.40,66.50,64.40,65.40,1212761,65.40
2017-01-06,66.30,66.50,65.10,65.10,704372,65.10
2017-01-09,65.50,66.10,62.60,62.90,1406340,62.90
2017-01-10,62.90,64.50,60.60,64.50,1216237,64.50
2017-01-11,64.50,65.10,63.00,63.00,696800,63.00
2017-01-12,63.80,65.60,63.30,63.30,800725,63.30
2017-01-13,63.90,64.80,62.30,63.90,806972,63.90
2017-01-16,64.80,65.20,63.30,64.40,1011010,64.40
2017-01-17,64.60,64.90,63.50,63.50,358500,63.50
2017-01-18,63.60,68.80,63.60,67.50,3147954,67.50
2017-01-19,68.30,72.20,67.70,71.90,3409693,71.90
2017-01-20,74.60,75.20,69.20,69.90,2553332,69.90
2017-01-23,70.20,72.20,69.80,71.00,1442766,71.00
2017-01-24,71.30,71.50,69.10,69.10,1040329,69.10
2017-02-02,69.80,72.20,68.00,70.50,997294,70.50
2017-02-03,71.80,71.80,69.30,69.40,694695,69.40
2017-02-06,71.00,71.00,67.70,68.00,810856,68.00
2017-02-07,68.40,69.80,67.00,67.10,1035475,67.10
2017-02-08,68.40,69.70,67.00,68.50,1723368,68.50
2017-02-09,69.20,75.30,68.80,75.30,2602362,75.30
2017-02-10,78.00,82.00,76.50,77.00,6052827,77.00
2017-02-13,79.00,84.70,78.30,84.70,4035143,84.70
2017-02-14,87.00,92.90,84.50,88.70,8015950,88.70
2017-02-15,90.00,90.00,86.90,89.70,2305100,89.70
2017-02-16,91.00,98.60,91.00,98.60,6828367,98.60
2017-02-17,100.00,108.00,100.00,108.00,5288831,108.00
2017-02-18,111.50,118.50,111.50,118.50,4411761,118.50
2017-02-20,126.00,126.00,108.50,110.00,2515744,110.00
2017-02-21,107.00,108.00,99.10,103.00,3221251,103.00
2017-02-22,106.00,108.00,102.00,104.00,2609660,104.00
2017-02-23,104.00,104.00,99.00,99.00,1946806,99.00
2017-02-24,98.20,102.00,95.80,98.50,1745948,98.50
2017-03-01,102.50,102.50,97.00,97.00,2208843,97.00
2017-03-02,97.00,98.00,92.50,93.60,1740876,93.60
2017-03-03,95.40,97.40,93.80,94.60,1782120,94.60
2017-03-06,96.00,101.00,96.00,98.60,2987092,98.60
2017-03-07,99.90,108.00,98.30,108.00,3368461,108.00
2017-03-08,103.00,107.50,99.50,103.50,6159721,103.50
2017-03-09,104.50,106.50,102.00,103.50,3399426,103.50
2017-03-10,104.00,105.00,98.30,99.30,3318272,99.30
2017-03-13,101.00,105.00,101.00,101.50,3433580,101.50
2017-03-14,102.50,103.50,98.50,98.50,3237269,98.50
2017-03-15,101.50,103.00,99.20,100.00,3279598,100.00
2017-03-16,101.00,106.00,100.50,104.50,5272590,104.50
2017-03-17,104.50,114.50,103.50,114.50,8301200,114.50
2017-03-20,119.00,125.00,118.00,119.00,10728176,119.00
2017-03-21,122.00,127.50,119.00,123.00,6931919,123.00
2017-03-22,118.00,132.50,116.00,127.00,7952632,127.00
2017-03-23,130.00,139.50,128.00,131.50,10179199,131.50
2017-03-24,134.00,135.50,119.50,119.50,7137930,119.50
2017-03-27,118.50,122.50,114.00,115.00,5853263,115.00
2017-03-28,119.00,121.00,110.50,115.50,5864941,115.50
2017-03-29,118.50,120.50,115.50,118.00,3937780,118.00
2017-03-30,119.50,126.50,117.50,124.00,7117588,124.00
2017-03-31,125.00,128.00,118.00,118.00,5026802,118.00
2017-04-05,120.00,120.00,116.00,117.00,2197517,117.00
2017-04-06,117.50,125.00,117.50,122.50,3744449,122.50
2017-04-07,124.00,125.00,116.00,118.50,4022858,118.50
2017-04-10,118.50,122.50,117.00,120.50,3372736,120.50
2017-04-11,120.50,125.00,117.00,117.00,4259793,117.00
2017-04-12,117.50,119.50,114.50,114.50,2789180,114.50
2017-04-13,115.00,117.00,106.50,106.50,4606062,106.50
2017-04-14,107.00,107.00,102.00,103.00,3960452,103.00
2017-04-17,113.00,113.00,110.50,113.00,5749802,113.00
2017-04-18,113.00,116.50,111.00,111.50,4549757,111.50
2017-04-19,110.00,110.50,105.50,106.50,2365103,106.50
2017-04-20,105.50,106.50,99.00,99.70,5049287,99.70
2017-04-21,101.00,101.00,95.00,97.00,4999654,97.00
2017-04-24,95.90,95.90,87.30,87.30,8358287,87.30
2017-04-25,88.40,92.50,88.20,91.20,5543062,91.20
2017-04-26,92.50,94.60,91.70,94.60,3046593,94.60
2017-04-27,95.50,97.90,93.10,93.10,3034207,93.10
2017-04-28,93.10,94.00,88.60,90.60,2427472,90.60
2017-05-02,91.50,93.50,89.20,90.30,1834016,90.30
2017-05-03,90.70,94.30,89.60,91.00,3539544,91.00
2017-05-04,93.80,96.10,92.80,94.00,5188814,94.00
2017-05-05,95.20,96.70,92.40,93.00,2785000,93.00
2017-05-08,94.00,95.40,93.00,94.20,1502871,94.20
2017-05-09,95.50,96.00,91.20,91.20,2139662,91.20
2017-05-10,92.70,94.60,90.20,94.60,2349205,94.60
2017-05-11,96.80,96.80,93.00,93.00,2910484,93.00
2017-05-12,92.50,96.70,92.10,94.00,4161140,94.00
2017-05-15,95.00,96.70,91.60,92.00,4668100,92.00
2017-05-16,92.00,93.00,87.40,88.20,5005004,88.20
2017-05-17,89.00,90.10,88.00,89.60,1759550,89.60
2017-05-18,89.00,96.50,88.40,91.50,8032891,91.50
2017-05-19,93.50,93.50,90.90,90.90,1858440,90.90
2017-05-22,90.90,92.60,90.90,91.60,1612100,91.60
2017-05-23,93.70,95.50,92.00,92.00,4209571,92.00
2017-05-24,93.50,93.50,91.50,91.50,1467650,91.50
2017-05-25,92.50,93.30,90.50,90.50,2012432,90.50
2017-05-26,91.00,91.50,89.40,90.30,1176313,90.30
2017-05-31,90.60,90.90,88.50,88.60,1058099,88.60
2017-06-01,88.70,89.70,88.20,88.60,980166,88.60
2017-06-02,89.50,91.20,89.30,89.40,1371816,89.40
2017-06-03,90.40,91.90,89.40,91.00,1492639,91.00
2017-06-05,91.60,91.80,89.70,89.70,1364181,89.70
2017-06-06,90.00,90.40,88.30,88.70,1330250,88.70
2017-06-07,89.20,89.60,88.20,88.20,838000,88.20
2017-06-08,89.10,89.80,88.00,88.00,1107809,88.00
2017-06-09,88.90,88.90,84.30,85.40,3197555,85.40
2017-06-12,84.00,84.00,81.00,81.10,2315534,81.10
2017-06-13,82.00,82.60,80.00,80.00,1822700,80.00
2017-06-14,80.60,81.00,72.50,74.10,3545890,74.10
2017-06-15,75.00,81.50,75.00,81.50,5333195,81.50
2017-06-16,83.00,84.50,79.50,79.60,6509637,79.60
2017-06-19,80.70,83.50,79.30,80.50,2531089,80.50
2017-06-20,81.50,82.30,80.00,80.00,1480273,80.00
2017-06-21,80.10,81.20,79.10,80.30,1213100,80.30
2017-06-22,81.40,82.10,80.30,80.60,1158537,80.60
2017-06-23,80.90,81.10,78.70,78.80,1025503,78.80
2017-06-26,79.90,80.30,79.00,79.00,822040,79.00
2017-06-27,79.00,79.60,77.50,77.50,952252,77.50
2017-06-28,75.60,77.30,74.20,76.70,1862717,76.70
2017-06-29,78.50,78.50,75.10,75.40,948133,75.40
2017-06-30,74.40,78.00,74.40,77.40,1439200,77.40
2017-07-03,78.90,79.30,77.50,77.60,1036365,77.60
2017-07-04,78.10,85.30,77.70,84.50,7053539,84.50
2017-07-05,85.00,85.50,81.80,82.60,3935895,82.60
2017-07-06,83.40,86.70,82.80,85.10,3652200,85.10
2017-07-07,85.00,86.90,82.60,85.00,2768200,85.00
2017-07-10,86.00,88.80,86.00,86.50,2932560,86.50
2017-07-11,86.50,87.30,85.00,85.40,1678510,85.40
2017-07-12,85.90,87.90,85.40,86.80,2344350,86.80
2017-07-13,88.00,91.90,87.10,90.70,5751306,90.70
2017-07-14,92.40,93.00,89.00,89.00,3740234,89.00
2017-07-17,89.80,90.00,87.10,87.20,1712876,87.20
2017-07-18,88.50,92.00,88.10,91.60,3799906,91.60
2017-07-19,91.40,92.10,89.00,89.00,2999725,89.00
2017-07-20,89.70,90.80,88.10,89.00,1113250,89.00
2017-07-21,89.20,90.50,89.10,89.10,1061957,89.10
2017-07-24,89.30,89.30,88.00,88.10,521072,88.10
2017-07-25,88.10,90.70,87.70,89.70,1754865,89.70
2017-07-26,91.70,96.70,91.70,92.60,6435590,92.60
2017-07-27,92.80,93.30,91.10,91.40,1986016,91.40
2017-07-28,92.00,92.40,89.20,89.80,2124457,89.80
2017-07-31,90.20,90.30,89.10,89.20,852202,89.20
2017-08-01,89.40,91.40,88.80,90.50,1256452,90.50
2017-08-02,92.20,92.40,90.10,90.20,1197112,90.20
2017-08-03,90.20,90.30,89.10,89.20,852202,89.20
2017-08-04,91.80,92.30,90.20,90.90,1234250,90.90
2017-08-07,91.50,99.50,91.10,99.00,7167470,99.00
2017-08-08,102.00,102.00,94.80,95.00,5606162,95.00
2017-08-09,92.10,96.00,91.60,92.00,3169271,92.00
2017-08-10,93.70,94.40,87.70,88.50,3239301,88.50
2017-08-11,86.60,89.90,86.60,89.30,1261350,89.30
2017-08-14,89.80,90.70,84.00,84.00,2206508,84.00
2017-08-15,85.90,87.20,84.80,85.30,1223200,85.30
2017-08-16,86.00,88.60,85.70,87.00,1217400,87.00
2017-08-17,87.60,88.00,85.10,87.10,1024333,87.10
2017-08-18,86.30,90.70,86.30,89.60,2332397,89.60
2017-08-21,90.30,91.20,88.30,88.50,1473657,88.50
2017-08-22,88.80,91.00,88.50,89.10,1464350,89.10
2017-08-23,90.80,90.90,89.00,89.10,1373352,89.10
2017-08-24,90.10,91.00,89.40,89.90,1272950,89.90
2017-08-25,90.10,90.70,89.00,89.00,827176,89.00
2017-08-28,90.00,93.20,89.70,90.90,3117630,90.90
2017-08-29,91.30,91.60,89.10,89.20,1148693,89.20
2017-08-30,89.20,91.00,88.20,88.70,1241582,88.70
2017-08-31,89.00,89.40,87.50,87.50,1179227,87.50
2017-09-01,88.50,90.00,88.50,89.20,1128752,89.20
2017-09-04,89.60,89.60,88.00,88.20,573116,88.20
2017-09-05,88.80,92.50,88.80,90.50,3140800,90.50
2017-09-06,90.50,91.90,88.50,89.00,2474849,89.00
2017-09-07,90.80,91.20,89.10,89.10,1700330,89.10
2017-09-08,90.00,91.40,89.30,90.10,2237561,90.10
2017-09-11,91.60,99.10,91.60,99.10,12025417,99.10
2017-09-12,101.00,104.50,96.80,96.90,10908974,96.90
2017-09-13,97.80,99.80,95.60,96.60,3851717,96.60
2017-09-14,98.00,103.00,98.00,99.10,6423462,99.10
2017-09-15,100.00,101.00,97.00,98.00,4129885,98.00
2017-09-18,100.00,104.00,99.10,99.70,7446041,99.70
2017-09-19,101.50,108.50,100.50,104.00,12492989,104.00
2017-09-20,105.00,107.50,103.00,105.50,6767265,105.50
2017-09-21,110.00,111.00,106.00,109.00,7191490,109.00
2017-09-22,112.50,115.50,111.00,115.50,12833695,115.50
2017-09-25,118.50,120.00,115.50,116.00,9664813,116.00
2017-09-26,117.00,117.00,104.50,104.50,8824937,104.50
2017-09-27,105.00,109.50,102.00,109.50,8080937,109.50
2017-09-28,109.50,112.00,105.00,105.50,4916761,105.50
2017-09-29,104.00,108.00,101.50,102.50,4468670,102.50
2017-09-30,104.00,107.00,104.00,106.00,2908806,106.00
2017-10-02,107.00,108.50,105.50,106.50,2812426,106.50
2017-10-03,109.00,111.00,108.00,109.00,5209871,109.00
2017-10-05,110.00,111.00,107.00,107.50,4131113,107.50
2017-10-06,109.00,110.50,107.50,108.50,2957320,108.50
2017-10-11,109.50,111.00,105.50,105.50,3074502,105.50
2017-10-12,107.00,113.00,106.00,111.00,6951746,111.00
2017-10-13,110.00,111.50,108.00,109.50,3881310,109.50
2017-10-16,110.00,116.50,110.00,111.00,5097969,111.00
2017-10-17,112.00,112.50,108.00,108.50,2375226,108.50
2017-10-18,110.00,111.00,106.50,108.50,2438559,108.50
2017-10-19,110.00,113.00,109.00,111.50,3324700,111.50
2017-10-20,111.50,114.50,108.00,112.00,4156833,112.00
2017-10-23,113.50,114.00,110.50,110.50,2148329,110.50
2017-10-24,111.00,112.00,109.00,109.50,1542407,109.50
2017-10-25,110.00,113.50,110.00,110.50,2912455,110.50
2017-10-26,109.50,112.00,108.50,111.50,1808089,111.50
2017-10-27,112.00,113.50,106.00,106.00,3154492,106.00
2017-10-30,107.00,108.50,102.00,102.00,2592067,102.00
2017-10-31,104.00,108.00,102.50,108.00,2361069,108.00
2017-11-01,108.00,108.00,103.50,104.00,2330748,104.00
2017-11-02,105.00,106.00,101.00,101.00,2526078,101.00
2017-11-03,102.50,103.00,97.80,98.00,3323515,98.00
2017-11-06,100.50,101.50,97.80,98.10,2639945,98.10
2017-11-07,99.40,102.50,99.00,100.50,3092855,100.50
2017-11-08,101.00,101.00,99.00,99.30,1997000,99.30
2017-11-09,100.50,102.00,98.50,98.50,2402154,98.50
2017-11-10,99.90,105.00,98.40,102.00,5056383,102.00
2017-11-13,103.00,111.50,101.50,108.00,8799544,108.00
2017-11-14,110.00,113.00,107.50,107.50,10295480,107.50
2017-11-15,108.00,112.50,105.00,112.00,5507434,112.00
2017-11-16,111.50,114.00,110.00,110.00,5079997,110.00
2017-11-17,112.50,113.00,110.50,111.00,3243554,111.00
2017-11-20,112.50,116.50,112.00,112.00,5139664,112.00
2017-11-21,114.00,119.00,112.50,118.00,10716415,118.00
2017-11-22,121.00,122.50,113.00,114.00,6641882,114.00
2017-11-23,115.00,116.50,113.50,114.50,2548361,114.50
2017-11-24,114.00,114.00,109.00,109.00,3788542,109.00
2017-11-27,109.50,111.00,106.00,106.00,4308735,106.00
2017-11-28,106.50,110.00,106.50,106.50,3481877,106.50
2017-11-29,108.00,109.00,106.50,106.50,2152310,106.50
2017-11-30,106.00,106.00,101.00,102.50,3660300,102.50
2017-12-01,103.50,104.00,98.60,101.00,3570014,101.00
2017-12-04,102.00,111.00,101.50,110.00,5622332,110.00
2017-12-05,107.50,108.00,102.00,103.00,4446018,103.00
2017-12-06,103.00,104.00,99.00,99.70,2439600,99.70
2017-12-07,101.50,103.50,99.30,99.90,2442654,99.90
2017-12-08,100.50,101.50,95.50,98.00,4112381,98.00
2017-12-11,98.80,102.00,98.20,100.00,2542402,100.00
2017-12-12,101.00,102.00,98.40,98.40,1581939,98.40
2017-12-13,98.90,101.00,98.00,98.00,1958600,98.00
2017-12-14,99.60,99.60,95.10,96.10,2659322,96.10
2017-12-15,96.50,96.50,93.70,94.60,2346301,94.60
2017-12-18,96.90,97.40,95.00,95.00,1601537,95.00
2017-12-19,95.40,96.50,94.60,95.80,1451500,95.80
2017-12-20,96.50,97.90,95.50,96.80,1595326,96.80
2017-12-21,98.50,100.50,95.70,95.70,3518066,95.70
2017-12-22,96.50,96.70,94.20,94.20,2106251,94.20
2017-12-25,94.50,94.50,90.50,90.50,2642800,90.50
2017-12-26,91.60,93.50,88.00,88.10,4323845,88.10
2017-12-27,88.10,88.50,85.10,86.50,3447551,86.50
2017-12-28,88.80,95.00,88.00,94.70,6002521,94.70
2017-12-29,98.20,99.00,95.70,96.40,5000245,96.40
2018-01-02,96.50,97.20,92.20,92.70,2930252,92.70
2018-01-03,93.50,101.50,93.10,101.50,8719971,101.50
2018-01-04,102.50,103.50,99.00,100.00,5991417,100.00
2018-01-05,105.50,110.00,103.00,110.00,13683741,110.00
2018-01-08,111.50,119.00,107.50,114.50,14492157,114.50
2018-01-09,116.00,117.50,112.00,114.00,6935230,114.00
2018-01-10,116.00,121.00,114.00,115.50,11182382,115.50
2018-01-11,114.50,117.00,112.50,115.50,5280470,115.50
2018-01-12,116.00,117.50,114.50,115.50,4028065,115.50
2018-01-13,96.90,97.40,95.00,95.00,1601537,95.00
2018-01-15,115.50,120.50,112.50,115.50,8156413,115.50
2018-01-16,116.50,118.50,114.50,115.50,4673052,115.50
2018-01-17,115.50,117.50,114.50,115.50,3171113,115.50
2018-01-18,118.00,127.00,117.50,127.00,12976326,127.00
2018-01-19,130.50,133.50,127.50,130.00,16558322,130.00
2018-01-22,136.00,143.00,132.50,143.00,10421053,143.00
2018-01-23,147.00,149.00,136.00,140.00,14257237,140.00
2018-01-24,140.50,146.00,138.50,140.50,6996227,140.50
2018-01-25,141.00,142.00,132.50,134.00,5821893,134.00
2018-01-26,134.00,134.50,126.50,127.00,7692394,127.00
2018-01-29,130.50,133.50,129.50,130.00,5086215,130.00
2018-01-30,132.00,137.00,129.00,132.00,7358051,132.00
2018-01-31,130.50,134.50,127.00,132.00,5413906,132.00
2018-02-01,133.50,136.50,130.50,131.00,4849351,131.00
2018-02-02,130.50,134.50,130.50,132.00,5373175,132.00
